date,day_of_week,season,temperature_f,weather_condition,demand_multiplier,mountain_bike_bookings,mountain_bike_fixed_price,mountain_bike_dynamic_price,mountain_bike_capacity_utilization,ebike_bookings,ebike_fixed_price,ebike_dynamic_price,ebike_capacity_utilization,total_fixed_revenue,total_dynamic_revenue,revenue_difference,revenue_increase_percent
2023-01-01,Sunday,off_season,30,snowy,0.1,4,45,24,0.13,0,65,35,0.0,180,96.0,-84.0,-46.7
2023-01-02,Monday,off_season,17,snowy,0.1,2,45,24,0.07,1,65,35,0.05,155,83.0,-72.0,-46.5
2023-01-03,Tuesday,off_season,31,sunny,0.24,7,45,24,0.23,2,65,35,0.1,445,238.0,-207.0,-46.5
2023-01-04,Wednesday,off_season,28,cloudy,0.14,4,45,24,0.13,2,65,35,0.1,310,166.0,-144.0,-46.5
2023-01-05,Thursday,off_season,16,snowy,0.1,2,45,24,0.07,3,65,35,0.15,285,153.0,-132.0,-46.3
2023-01-06,Friday,off_season,27,snowy,0.1,2,45,24,0.07,0,65,35,0.0,90,48.0,-42.0,-46.7
2023-01-07,Saturday,off_season,27,cloudy,0.22,5,45,24,0.17,4,65,35,0.2,485,260.0,-225.0,-46.4
2023-01-08,Sunday,off_season,18,overcast,0.15,5,45,24,0.17,0,65,35,0.0,225,120.0,-105.0,-46.7
2023-01-09,Monday,off_season,35,snowy,0.1,2,45,24,0.07,2,65,35,0.1,220,118.0,-102.0,-46.4
2023-01-10,Tuesday,off_season,18,snowy,0.1,3,45,24,0.1,2,65,35,0.1,265,142.0,-123.0,-46.4
2023-01-11,Wednesday,off_season,20,snowy,0.1,0,45,24,0.0,4,65,35,0.2,260,140.0,-120.0,-46.2
2023-01-12,Thursday,off_season,21,overcast,0.13,4,45,24,0.13,0,65,35,0.0,180,96.0,-84.0,-46.7
2023-01-13,Friday,off_season,35,snowy,0.1,3,45,24,0.1,2,65,35,0.1,265,142.0,-123.0,-46.4
2023-01-14,Saturday,off_season,13,overcast,0.17,7,45,24,0.23,1,65,35,0.05,380,203.0,-177.0,-46.6
2023-01-15,Sunday,off_season,27,snowy,0.1,4,45,24,0.13,2,65,35,0.1,310,166.0,-144.0,-46.5
2023-01-16,Monday,off_season,38,overcast,0.13,2,45,24,0.07,5,65,35,0.25,415,223.0,-192.0,-46.3
2023-01-17,Tuesday,off_season,32,snowy,0.1,5,45,24,0.17,0,65,35,0.0,225,120.0,-105.0,-46.7
2023-01-18,Wednesday,off_season,34,snowy,0.1,3,45,24,0.1,1,65,35,0.05,200,107.0,-93.0,-46.5
2023-01-19,Thursday,off_season,17,overcast,0.12,2,45,24,0.07,2,65,35,0.1,220,118.0,-102.0,-46.4
2023-01-20,Friday,off_season,24,sunny,0.27,8,45,24,0.27,2,65,35,0.1,490,262.0,-228.0,-46.5
2023-01-21,Saturday,off_season,21,cloudy,0.24,7,45,24,0.23,4,65,35,0.2,575,308.0,-267.0,-46.4
2023-01-22,Sunday,off_season,32,overcast,0.18,5,45,24,0.17,0,65,35,0.0,225,120.0,-105.0,-46.7
2023-01-23,Monday,off_season,29,sunny,0.24,4,45,24,0.13,3,65,35,0.15,375,201.0,-174.0,-46.4
2023-01-24,Tuesday,off_season,17,snowy,0.1,2,45,24,0.07,0,65,35,0.0,90,48.0,-42.0,-46.7
2023-01-25,Wednesday,off_season,39,sunny,0.24,8,45,24,0.27,7,65,39,0.35,815,465.0,-350.0,-42.9
2023-01-26,Thursday,off_season,31,cloudy,0.18,5,45,24,0.17,0,65,35,0.0,225,120.0,-105.0,-46.7
2023-01-27,Friday,off_season,11,snowy,0.1,2,45,24,0.07,0,65,35,0.0,90,48.0,-42.0,-46.7
2023-01-28,Saturday,off_season,20,cloudy,0.2,7,45,24,0.23,4,65,35,0.2,575,308.0,-267.0,-46.4
2023-01-29,Sunday,off_season,39,overcast,0.2,8,45,24,0.27,2,65,35,0.1,490,262.0,-228.0,-46.5
2023-01-30,Monday,off_season,20,snowy,0.1,2,45,24,0.07,1,65,35,0.05,155,83.0,-72.0,-46.5
2023-01-31,Tuesday,off_season,38,overcast,0.12,4,45,24,0.13,5,65,35,0.25,505,271.0,-234.0,-46.3
2023-02-01,Wednesday,off_season,23,snowy,0.1,3,45,24,0.1,3,65,35,0.15,330,177.0,-153.0,-46.4
2023-02-02,Thursday,off_season,32,snowy,0.1,3,45,24,0.1,3,65,35,0.15,330,177.0,-153.0,-46.4
2023-02-03,Friday,off_season,43,cloudy,0.25,15,45,27,0.5,2,65,35,0.1,805,475.0,-330.0,-41.0
2023-02-04,Saturday,off_season,19,cloudy,0.2,4,45,24,0.13,0,65,35,0.0,180,96.0,-84.0,-46.7
2023-02-05,Sunday,off_season,16,overcast,0.16,5,45,24,0.17,1,65,35,0.05,290,155.0,-135.0,-46.6
2023-02-06,Monday,off_season,20,sunny,0.23,8,45,24,0.27,2,65,35,0.1,490,262.0,-228.0,-46.5
2023-02-07,Tuesday,off_season,17,cloudy,0.17,4,45,24,0.13,1,65,35,0.05,245,131.0,-114.0,-46.5
2023-02-08,Wednesday,off_season,29,cloudy,0.18,9,45,27,0.3,2,65,35,0.1,535,313.0,-222.0,-41.5
2023-02-09,Thursday,off_season,42,overcast,0.18,1,45,24,0.03,0,65,35,0.0,45,24.0,-21.0,-46.7
2023-02-10,Friday,off_season,18,sunny,0.28,7,45,24,0.23,4,65,35,0.2,575,308.0,-267.0,-46.4
2023-02-11,Saturday,off_season,23,sunny,0.31,8,45,24,0.27,8,65,39,0.4,880,504.0,-376.0,-42.7
2023-02-12,Sunday,off_season,24,cloudy,0.22,4,45,24,0.13,0,65,35,0.0,180,96.0,-84.0,-46.7
2023-02-13,Monday,off_season,45,sunny,0.33,5,45,24,0.17,6,65,39,0.3,615,354.0,-261.0,-42.4
2023-02-14,Tuesday,off_season,31,sunny,0.23,11,45,27,0.37,3,65,35,0.15,690,402.0,-288.0,-41.7
2023-02-15,Wednesday,off_season,18,overcast,0.12,6,45,24,0.2,1,65,35,0.05,335,179.0,-156.0,-46.6
2023-02-16,Thursday,off_season,35,cloudy,0.15,7,45,24,0.23,4,65,35,0.2,575,308.0,-267.0,-46.4
2023-02-17,Friday,off_season,26,sunny,0.28,7,45,24,0.23,3,65,35,0.15,510,273.0,-237.0,-46.5
2023-02-18,Saturday,off_season,39,overcast,0.2,4,45,24,0.13,2,65,35,0.1,310,166.0,-144.0,-46.5
2023-02-19,Sunday,off_season,34,cloudy,0.19,8,45,24,0.27,2,65,35,0.1,490,262.0,-228.0,-46.5
2023-02-20,Monday,off_season,44,cloudy,0.25,3,45,24,0.1,1,65,35,0.05,200,107.0,-93.0,-46.5
2023-02-21,Tuesday,off_season,40,cloudy,0.19,9,45,27,0.3,1,65,35,0.05,470,278.0,-192.0,-40.9
2023-02-22,Wednesday,off_season,43,cloudy,0.19,9,45,27,0.3,3,65,35,0.15,600,348.0,-252.0,-42.0
2023-02-23,Thursday,off_season,38,cloudy,0.14,6,45,24,0.2,2,65,35,0.1,400,214.0,-186.0,-46.5
2023-02-24,Friday,off_season,39,cloudy,0.17,7,45,24,0.23,4,65,35,0.2,575,308.0,-267.0,-46.4
2023-02-25,Saturday,off_season,36,cloudy,0.23,5,45,24,0.17,4,65,35,0.2,485,260.0,-225.0,-46.4
2023-02-26,Sunday,off_season,23,cloudy,0.23,7,45,24,0.23,9,65,39,0.45,900,519.0,-381.0,-42.3
2023-02-27,Monday,off_season,45,snowy,0.1,3,45,24,0.1,2,65,35,0.1,265,142.0,-123.0,-46.4
2023-02-28,Tuesday,off_season,38,sunny,0.25,10,45,27,0.33,0,65,35,0.0,450,270.0,-180.0,-40.0
2023-03-01,Wednesday,off_season,37,overcast,0.13,4,45,24,0.13,0,65,35,0.0,180,96.0,-84.0,-46.7
2023-03-02,Thursday,off_season,39,overcast,0.12,5,45,24,0.17,2,65,35,0.1,355,190.0,-165.0,-46.5
2023-03-03,Friday,off_season,32,snowy,0.1,5,45,24,0.17,1,65,35,0.05,290,155.0,-135.0,-46.6
2023-03-04,Saturday,off_season,43,cloudy,0.31,7,45,24,0.23,3,65,35,0.15,510,273.0,-237.0,-46.5
2023-03-05,Sunday,off_season,25,snowy,0.1,4,45,24,0.13,0,65,35,0.0,180,96.0,-84.0,-46.7
2023-03-06,Monday,off_season,32,snowy,0.1,0,45,24,0.0,0,65,35,0.0,0,0.0,0.0,0.0
2023-03-07,Tuesday,off_season,35,snowy,0.1,1,45,24,0.03,0,65,35,0.0,45,24.0,-21.0,-46.7
2023-03-08,Wednesday,off_season,46,cloudy,0.22,6,45,24,0.2,2,65,35,0.1,400,214.0,-186.0,-46.5
2023-03-09,Thursday,off_season,48,overcast,0.17,6,45,24,0.2,1,65,35,0.05,335,179.0,-156.0,-46.6
2023-03-10,Friday,off_season,40,snowy,0.1,4,45,24,0.13,0,65,35,0.0,180,96.0,-84.0,-46.7
2023-03-11,Saturday,off_season,38,snowy,0.1,4,45,24,0.13,0,65,35,0.0,180,96.0,-84.0,-46.7
2023-03-12,Sunday,off_season,38,cloudy,0.22,5,45,24,0.17,2,65,35,0.1,355,190.0,-165.0,-46.5
2023-03-13,Monday,off_season,52,sunny,0.33,11,45,27,0.37,6,65,39,0.3,885,531.0,-354.0,-40.0
2023-03-14,Tuesday,off_season,45,snowy,0.1,1,45,24,0.03,0,65,35,0.0,45,24.0,-21.0,-46.7
2023-03-15,Wednesday,off_season,35,overcast,0.11,2,45,24,0.07,1,65,35,0.05,155,83.0,-72.0,-46.5
2023-03-16,Thursday,off_season,31,snowy,0.1,2,45,24,0.07,2,65,35,0.1,220,118.0,-102.0,-46.4
2023-03-17,Friday,off_season,38,snowy,0.1,5,45,24,0.17,3,65,35,0.15,420,225.0,-195.0,-46.4
2023-03-18,Saturday,off_season,52,overcast,0.23,6,45,24,0.2,2,65,35,0.1,400,214.0,-186.0,-46.5
2023-03-19,Sunday,off_season,52,overcast,0.21,4,45,24,0.13,1,65,35,0.05,245,131.0,-114.0,-46.5
2023-03-20,Monday,off_season,45,overcast,0.18,5,45,24,0.17,4,65,35,0.2,485,260.0,-225.0,-46.4
2023-03-21,Tuesday,off_season,27,overcast,0.14,6,45,24,0.2,0,65,35,0.0,270,144.0,-126.0,-46.7
2023-03-22,Wednesday,off_season,30,cloudy,0.16,6,45,24,0.2,2,65,35,0.1,400,214.0,-186.0,-46.5
2023-03-23,Thursday,off_season,52,cloudy,0.19,8,45,24,0.27,4,65,35,0.2,620,332.0,-288.0,-46.5
2023-03-24,Friday,off_season,37,snowy,0.1,3,45,24,0.1,2,65,35,0.1,265,142.0,-123.0,-46.4
2023-03-25,Saturday,off_season,54,sunny,0.43,14,45,27,0.47,6,65,39,0.3,1020,612.0,-408.0,-40.0
2023-03-26,Sunday,off_season,38,sunny,0.35,11,45,27,0.37,5,65,35,0.25,820,472.0,-348.0,-42.4
2023-03-27,Monday,off_season,50,cloudy,0.23,9,45,27,0.3,3,65,35,0.15,600,348.0,-252.0,-42.0
2023-03-28,Tuesday,off_season,29,snowy,0.1,3,45,24,0.1,2,65,35,0.1,265,142.0,-123.0,-46.4
2023-03-29,Wednesday,off_season,26,cloudy,0.16,4,45,24,0.13,2,65,35,0.1,310,166.0,-144.0,-46.5
2023-03-30,Thursday,off_season,48,cloudy,0.19,10,45,27,0.33,5,65,35,0.25,775,445.0,-330.0,-42.6
2023-03-31,Friday,off_season,40,cloudy,0.29,4,45,24,0.13,6,65,39,0.3,570,330.0,-240.0,-42.1
2023-04-01,Saturday,shoulder_season,40,cloudy,1.01,29,45,54,0.97,10,65,65,0.5,1955,2216.0,261.0,13.4
2023-04-02,Sunday,shoulder_season,62,sunny,1.87,30,45,86,1.0,20,65,125,1.0,2650,5080.0,2430.0,91.7
2023-04-03,Monday,shoulder_season,56,cloudy,0.87,28,45,54,0.93,14,65,65,0.7,2170,2422.0,252.0,11.6
2023-04-04,Tuesday,shoulder_season,65,cloudy,0.83,30,45,54,1.0,11,65,65,0.55,2065,2335.0,270.0,13.1
2023-04-05,Wednesday,shoulder_season,54,sunny,0.91,29,45,54,0.97,16,65,65,0.8,2345,2606.0,261.0,11.1
2023-04-06,Thursday,shoulder_season,56,partly_cloudy,1.11,30,45,54,1.0,11,65,65,0.55,2065,2335.0,270.0,13.1
2023-04-07,Friday,shoulder_season,64,sunny,1.64,30,45,70,1.0,14,65,84,0.7,2260,3276.0,1016.0,45.0
2023-04-08,Saturday,shoulder_season,45,cloudy,0.98,28,45,54,0.93,13,65,65,0.65,2105,2357.0,252.0,12.0
2023-04-09,Sunday,shoulder_season,56,partly_cloudy,1.52,30,45,70,1.0,20,65,101,1.0,2650,4120.0,1470.0,55.5
2023-04-10,Monday,shoulder_season,64,cloudy,0.78,20,45,36,0.67,10,65,52,0.5,1550,1240.0,-310.0,-20.0
2023-04-11,Tuesday,shoulder_season,49,partly_cloudy,0.9,21,45,45,0.7,14,65,65,0.7,1855,1855.0,0.0,0.0
2023-04-12,Wednesday,shoulder_season,38,cloudy,0.49,11,45,27,0.37,4,65,35,0.2,755,437.0,-318.0,-42.1
2023-04-13,Thursday,shoulder_season,43,cloudy,0.69,23,45,36,0.77,10,65,52,0.5,1685,1348.0,-337.0,-20.0
2023-04-14,Friday,shoulder_season,37,snowy,0.14,2,45,24,0.07,1,65,35,0.05,155,83.0,-72.0,-46.5
2023-04-15,Saturday,shoulder_season,40,overcast,0.79,23,45,36,0.77,15,65,52,0.75,2010,1608.0,-402.0,-20.0
2023-04-16,Sunday,shoulder_season,44,overcast,0.9,23,45,45,0.77,13,65,65,0.65,1880,1880.0,0.0,0.0
2023-04-17,Monday,shoulder_season,55,partly_cloudy,1.16,30,45,54,1.0,17,65,65,0.85,2455,2725.0,270.0,11.0
2023-04-18,Tuesday,shoulder_season,52,sunny,1.09,30,45,54,1.0,20,65,78,1.0,2650,3180.0,530.0,20.0
2023-04-19,Wednesday,shoulder_season,65,cloudy,0.84,30,45,54,1.0,11,65,65,0.55,2065,2335.0,270.0,13.1
2023-04-20,Thursday,shoulder_season,63,sunny,1.32,30,45,70,1.0,20,65,101,1.0,2650,4120.0,1470.0,55.5
2023-04-21,Friday,shoulder_season,43,cloudy,0.79,18,45,36,0.6,6,65,52,0.3,1200,960.0,-240.0,-20.0
2023-04-22,Saturday,shoulder_season,45,cloudy,1.05,27,45,45,0.9,16,65,65,0.8,2255,2255.0,0.0,0.0
2023-04-23,Sunday,shoulder_season,43,overcast,0.73,17,45,36,0.57,14,65,52,0.7,1675,1340.0,-335.0,-20.0
2023-04-24,Monday,shoulder_season,64,cloudy,0.79,25,45,36,0.83,10,65,52,0.5,1775,1420.0,-355.0,-20.0
2023-04-25,Tuesday,shoulder_season,48,cloudy,0.62,19,45,36,0.63,7,65,52,0.35,1310,1048.0,-262.0,-20.0
2023-04-26,Wednesday,shoulder_season,45,snowy,0.17,7,45,24,0.23,0,65,35,0.0,315,168.0,-147.0,-46.7
2023-04-27,Thursday,shoulder_season,43,cloudy,0.71,18,45,36,0.6,6,65,52,0.3,1200,960.0,-240.0,-20.0
2023-04-28,Friday,shoulder_season,57,partly_cloudy,1.13,30,45,54,1.0,18,65,65,0.9,2520,2790.0,270.0,10.7
2023-04-29,Saturday,shoulder_season,37,sunny,1.15,30,45,54,1.0,20,65,78,1.0,2650,3180.0,530.0,20.0
2023-04-30,Sunday,shoulder_season,39,overcast,0.65,16,45,36,0.53,9,65,52,0.45,1305,1044.0,-261.0,-20.0
2023-05-01,Monday,shoulder_season,63,partly_cloudy,1.08,30,45,54,1.0,17,65,65,0.85,2455,2725.0,270.0,11.0
2023-05-02,Tuesday,shoulder_season,46,sunny,1.16,30,45,54,1.0,20,65,78,1.0,2650,3180.0,530.0,20.0
2023-05-03,Wednesday,shoulder_season,70,cloudy,0.93,22,45,45,0.73,19,65,78,0.95,2225,2472.0,247.0,11.1
2023-05-04,Thursday,shoulder_season,56,sunny,1.2,30,45,54,1.0,20,65,78,1.0,2650,3180.0,530.0,20.0
2023-05-05,Friday,shoulder_season,48,sunny,1.27,30,45,54,1.0,14,65,65,0.7,2260,2530.0,270.0,11.9
2023-05-06,Saturday,shoulder_season,72,sunny,2.26,30,45,86,1.0,20,65,125,1.0,2650,5080.0,2430.0,91.7
2023-05-07,Sunday,shoulder_season,49,rainy,0.41,6,45,24,0.2,7,65,39,0.35,725,417.0,-308.0,-42.5
2023-05-08,Monday,shoulder_season,50,rainy,0.35,15,45,27,0.5,12,65,39,0.6,1455,873.0,-582.0,-40.0
2023-05-09,Tuesday,shoulder_season,73,sunny,1.41,30,45,70,1.0,20,65,101,1.0,2650,4120.0,1470.0,55.5
2023-05-10,Wednesday,shoulder_season,74,sunny,1.76,30,45,70,1.0,20,65,101,1.0,2650,4120.0,1470.0,55.5
2023-05-11,Thursday,shoulder_season,70,partly_cloudy,1.41,30,45,70,1.0,19,65,101,0.95,2585,4019.0,1434.0,55.5
2023-05-12,Friday,shoulder_season,52,sunny,1.36,30,45,70,1.0,12,65,84,0.6,2130,3108.0,978.0,45.9
2023-05-13,Saturday,shoulder_season,48,sunny,1.25,30,45,54,1.0,19,65,78,0.95,2585,3102.0,517.0,20.0
2023-05-14,Sunday,shoulder_season,60,sunny,1.99,30,45,86,1.0,20,65,125,1.0,2650,5080.0,2430.0,91.7
2023-05-15,Monday,shoulder_season,59,sunny,1.43,30,45,70,1.0,18,65,84,0.9,2520,3612.0,1092.0,43.3
2023-05-16,Tuesday,shoulder_season,72,sunny,1.34,30,45,70,1.0,20,65,101,1.0,2650,4120.0,1470.0,55.5
2023-05-17,Wednesday,shoulder_season,51,sunny,0.97,23,45,45,0.77,10,65,65,0.5,1685,1685.0,0.0,0.0
2023-05-18,Thursday,shoulder_season,47,rainy,0.3,12,45,27,0.4,2,65,35,0.1,670,394.0,-276.0,-41.2
2023-05-19,Friday,shoulder_season,65,partly_cloudy,1.39,30,45,70,1.0,19,65,101,0.95,2585,4019.0,1434.0,55.5
2023-05-20,Saturday,shoulder_season,71,sunny,2.47,30,45,86,1.0,20,65,125,1.0,2650,5080.0,2430.0,91.7
2023-05-21,Sunday,shoulder_season,48,cloudy,0.94,29,45,54,0.97,11,65,65,0.55,2020,2281.0,261.0,12.9
2023-05-22,Monday,shoulder_season,63,rainy,0.37,12,45,27,0.4,13,65,39,0.65,1385,831.0,-554.0,-40.0
2023-05-23,Tuesday,shoulder_season,48,partly_cloudy,0.84,18,45,45,0.6,14,65,65,0.7,1720,1720.0,0.0,0.0
2023-05-24,Wednesday,shoulder_season,70,sunny,1.61,30,45,70,1.0,19,65,101,0.95,2585,4019.0,1434.0,55.5
2023-05-25,Thursday,shoulder_season,61,sunny,1.46,30,45,70,1.0,20,65,101,1.0,2650,4120.0,1470.0,55.5
2023-05-26,Friday,shoulder_season,51,sunny,1.33,30,45,70,1.0,16,65,84,0.8,2390,3444.0,1054.0,44.1
2023-05-27,Saturday,shoulder_season,45,overcast,0.86,30,45,54,1.0,5,65,58,0.25,1675,1910.0,235.0,14.0
2023-05-28,Sunday,shoulder_season,66,partly_cloudy,1.65,30,45,70,1.0,20,65,101,1.0,2650,4120.0,1470.0,55.5
2023-05-29,Monday,shoulder_season,66,sunny,1.27,30,45,54,1.0,12,65,65,0.6,2130,2400.0,270.0,12.7
2023-05-30,Tuesday,shoulder_season,75,partly_cloudy,1.25,30,45,54,1.0,20,65,78,1.0,2650,3180.0,530.0,20.0
2023-05-31,Wednesday,shoulder_season,55,partly_cloudy,0.98,28,45,54,0.93,13,65,65,0.65,2105,2357.0,252.0,12.0
2023-06-01,Thursday,peak_season,83,sunny,3.0,30,45,86,1.0,20,65,125,1.0,2650,5080.0,2430.0,91.7
2023-06-02,Friday,peak_season,68,sunny,3.0,30,45,86,1.0,20,65,125,1.0,2650,5080.0,2430.0,91.7
2023-06-03,Saturday,peak_season,72,sunny,3.0,30,45,86,1.0,20,65,125,1.0,2650,5080.0,2430.0,91.7
2023-06-04,Sunday,peak_season,85,sunny,3.0,30,45,86,1.0,20,65,125,1.0,2650,5080.0,2430.0,91.7
2023-06-05,Monday,peak_season,60,partly_cloudy,2.28,30,45,86,1.0,20,65,125,1.0,2650,5080.0,2430.0,91.7
2023-06-06,Tuesday,peak_season,72,partly_cloudy,2.73,30,45,86,1.0,20,65,125,1.0,2650,5080.0,2430.0,91.7
2023-06-07,Wednesday,peak_season,61,partly_cloudy,2.48,30,45,86,1.0,20,65,125,1.0,2650,5080.0,2430.0,91.7
2023-06-08,Thursday,peak_season,75,sunny,3.0,30,45,86,1.0,20,65,125,1.0,2650,5080.0,2430.0,91.7
2023-06-09,Friday,peak_season,76,sunny,3.0,30,45,86,1.0,20,65,125,1.0,2650,5080.0,2430.0,91.7
2023-06-10,Saturday,peak_season,83,cloudy,3.0,30,45,86,1.0,20,65,125,1.0,2650,5080.0,2430.0,91.7
2023-06-11,Sunday,peak_season,76,sunny,3.0,30,45,86,1.0,20,65,125,1.0,2650,5080.0,2430.0,91.7
2023-06-12,Monday,peak_season,75,partly_cloudy,2.55,30,45,86,1.0,20,65,125,1.0,2650,5080.0,2430.0,91.7
2023-06-13,Tuesday,peak_season,85,partly_cloudy,3.0,30,45,86,1.0,20,65,125,1.0,2650,5080.0,2430.0,91.7
2023-06-14,Wednesday,peak_season,62,cloudy,1.77,30,45,70,1.0,20,65,101,1.0,2650,4120.0,1470.0,55.5
2023-06-15,Thursday,peak_season,56,sunny,2.84,30,45,86,1.0,20,65,125,1.0,2650,5080.0,2430.0,91.7
2023-06-16,Friday,peak_season,82,partly_cloudy,3.0,30,45,86,1.0,20,65,125,1.0,2650,5080.0,2430.0,91.7
2023-06-17,Saturday,peak_season,83,partly_cloudy,3.0,30,45,86,1.0,20,65,125,1.0,2650,5080.0,2430.0,91.7
2023-06-18,Sunday,peak_season,77,sunny,3.0,30,45,86,1.0,20,65,125,1.0,2650,5080.0,2430.0,91.7
2023-06-19,Monday,peak_season,59,partly_cloudy,2.06,30,45,86,1.0,20,65,125,1.0,2650,5080.0,2430.0,91.7
2023-06-20,Tuesday,peak_season,79,partly_cloudy,3.0,30,45,86,1.0,20,65,125,1.0,2650,5080.0,2430.0,91.7
2023-06-21,Wednesday,peak_season,79,sunny,3.0,30,45,86,1.0,20,65,125,1.0,2650,5080.0,2430.0,91.7
2023-06-22,Thursday,peak_season,85,partly_cloudy,2.87,30,45,86,1.0,19,65,125,0.95,2585,4955.0,2370.0,91.7
2023-06-23,Friday,peak_season,72,sunny,3.0,30,45,86,1.0,20,65,125,1.0,2650,5080.0,2430.0,91.7
2023-06-24,Saturday,peak_season,69,sunny,3.0,30,45,86,1.0,20,65,125,1.0,2650,5080.0,2430.0,91.7
2023-06-25,Sunday,peak_season,71,cloudy,3.0,30,45,86,1.0,20,65,125,1.0,2650,5080.0,2430.0,91.7
2023-06-26,Monday,peak_season,85,partly_cloudy,2.85,30,45,86,1.0,20,65,125,1.0,2650,5080.0,2430.0,91.7
2023-06-27,Tuesday,peak_season,81,partly_cloudy,2.91,30,45,86,1.0,20,65,125,1.0,2650,5080.0,2430.0,91.7
2023-06-28,Wednesday,peak_season,81,cloudy,2.34,30,45,86,1.0,20,65,125,1.0,2650,5080.0,2430.0,91.7
2023-06-29,Thursday,peak_season,60,cloudy,1.96,30,45,86,1.0,20,65,125,1.0,2650,5080.0,2430.0,91.7
2023-06-30,Friday,peak_season,63,cloudy,2.62,30,45,86,1.0,20,65,125,1.0,2650,5080.0,2430.0,91.7
2023-07-01,Saturday,peak_season,68,partly_cloudy,3.0,30,45,86,1.0,20,65,125,1.0,2650,5080.0,2430.0,91.7
2023-07-02,Sunday,peak_season,80,sunny,3.0,30,45,86,1.0,20,65,125,1.0,2650,5080.0,2430.0,91.7
2023-07-03,Monday,peak_season,82,sunny,3.0,30,45,86,1.0,20,65,125,1.0,2650,5080.0,2430.0,91.7
2023-07-04,Tuesday,peak_season,70,partly_cloudy,2.54,30,45,86,1.0,20,65,125,1.0,2650,5080.0,2430.0,91.7
2023-07-05,Wednesday,peak_season,64,sunny,3.0,30,45,86,1.0,20,65,125,1.0,2650,5080.0,2430.0,91.7
2023-07-06,Thursday,peak_season,82,sunny,3.0,30,45,86,1.0,20,65,125,1.0,2650,5080.0,2430.0,91.7
2023-07-07,Friday,peak_season,70,sunny,3.0,30,45,86,1.0,20,65,125,1.0,2650,5080.0,2430.0,91.7
2023-07-08,Saturday,peak_season,66,partly_cloudy,3.0,30,45,86,1.0,20,65,125,1.0,2650,5080.0,2430.0,91.7
2023-07-09,Sunday,peak_season,84,sunny,3.0,30,45,86,1.0,20,65,125,1.0,2650,5080.0,2430.0,91.7
2023-07-10,Monday,peak_season,85,partly_cloudy,2.97,30,45,86,1.0,19,65,125,0.95,2585,4955.0,2370.0,91.7
2023-07-11,Tuesday,peak_season,75,sunny,3.0,30,45,86,1.0,20,65,125,1.0,2650,5080.0,2430.0,91.7
2023-07-12,Wednesday,peak_season,84,sunny,3.0,30,45,86,1.0,20,65,125,1.0,2650,5080.0,2430.0,91.7
2023-07-13,Thursday,peak_season,85,sunny,3.0,30,45,86,1.0,20,65,125,1.0,2650,5080.0,2430.0,91.7
2023-07-14,Friday,peak_season,77,partly_cloudy,3.0,30,45,86,1.0,20,65,125,1.0,2650,5080.0,2430.0,91.7
2023-07-15,Saturday,peak_season,75,sunny,3.0,30,45,86,1.0,20,65,125,1.0,2650,5080.0,2430.0,91.7
2023-07-16,Sunday,peak_season,60,sunny,3.0,30,45,86,1.0,20,65,125,1.0,2650,5080.0,2430.0,91.7
2023-07-17,Monday,peak_season,85,sunny,3.0,30,45,86,1.0,20,65,125,1.0,2650,5080.0,2430.0,91.7
2023-07-18,Tuesday,peak_season,74,cloudy,2.72,30,45,86,1.0,20,65,125,1.0,2650,5080.0,2430.0,91.7
2023-07-19,Wednesday,peak_season,77,sunny,3.0,30,45,86,1.0,20,65,125,1.0,2650,5080.0,2430.0,91.7
2023-07-20,Thursday,peak_season,78,partly_cloudy,2.54,30,45,86,1.0,20,65,125,1.0,2650,5080.0,2430.0,91.7
2023-07-21,Friday,peak_season,73,sunny,3.0,30,45,86,1.0,20,65,125,1.0,2650,5080.0,2430.0,91.7
2023-07-22,Saturday,peak_season,61,sunny,3.0,30,45,86,1.0,20,65,125,1.0,2650,5080.0,2430.0,91.7
2023-07-23,Sunday,peak_season,74,sunny,3.0,30,45,86,1.0,20,65,125,1.0,2650,5080.0,2430.0,91.7
2023-07-24,Monday,peak_season,72,sunny,3.0,30,45,86,1.0,20,65,125,1.0,2650,5080.0,2430.0,91.7
2023-07-25,Tuesday,peak_season,73,sunny,3.0,30,45,86,1.0,20,65,125,1.0,2650,5080.0,2430.0,91.7
2023-07-26,Wednesday,peak_season,60,cloudy,1.71,30,45,70,1.0,15,65,84,0.75,2325,3360.0,1035.0,44.5
2023-07-27,Thursday,peak_season,85,sunny,3.0,30,45,86,1.0,20,65,125,1.0,2650,5080.0,2430.0,91.7
2023-07-28,Friday,peak_season,84,cloudy,2.46,30,45,86,1.0,20,65,125,1.0,2650,5080.0,2430.0,91.7
2023-07-29,Saturday,peak_season,60,rainy,1.12,30,45,54,1.0,14,65,65,0.7,2260,2530.0,270.0,11.9
2023-07-30,Sunday,peak_season,60,partly_cloudy,3.0,30,45,86,1.0,20,65,125,1.0,2650,5080.0,2430.0,91.7
2023-07-31,Monday,peak_season,75,partly_cloudy,2.96,30,45,86,1.0,20,65,125,1.0,2650,5080.0,2430.0,91.7
2023-08-01,Tuesday,peak_season,64,partly_cloudy,2.24,30,45,86,1.0,20,65,125,1.0,2650,5080.0,2430.0,91.7
2023-08-02,Wednesday,peak_season,69,sunny,2.95,30,45,86,1.0,20,65,125,1.0,2650,5080.0,2430.0,91.7
2023-08-03,Thursday,peak_season,81,partly_cloudy,3.0,30,45,86,1.0,20,65,125,1.0,2650,5080.0,2430.0,91.7
2023-08-04,Friday,peak_season,63,rainy,0.93,21,45,45,0.7,15,65,65,0.75,1920,1920.0,0.0,0.0
2023-08-05,Saturday,peak_season,58,rainy,1.26,30,45,54,1.0,11,65,65,0.55,2065,2335.0,270.0,13.1
2023-08-06,Sunday,peak_season,85,cloudy,3.0,30,45,86,1.0,20,65,125,1.0,2650,5080.0,2430.0,91.7
2023-08-07,Monday,peak_season,80,sunny,3.0,30,45,86,1.0,20,65,125,1.0,2650,5080.0,2430.0,91.7
2023-08-08,Tuesday,peak_season,84,partly_cloudy,2.56,30,45,86,1.0,20,65,125,1.0,2650,5080.0,2430.0,91.7
2023-08-09,Wednesday,peak_season,82,sunny,3.0,30,45,86,1.0,20,65,125,1.0,2650,5080.0,2430.0,91.7
2023-08-10,Thursday,peak_season,83,sunny,3.0,30,45,86,1.0,20,65,125,1.0,2650,5080.0,2430.0,91.7
2023-08-11,Friday,peak_season,83,sunny,3.0,30,45,86,1.0,20,65,125,1.0,2650,5080.0,2430.0,91.7
2023-08-12,Saturday,peak_season,79,sunny,3.0,30,45,86,1.0,20,65,125,1.0,2650,5080.0,2430.0,91.7
2023-08-13,Sunday,peak_season,68,sunny,3.0,30,45,86,1.0,20,65,125,1.0,2650,5080.0,2430.0,91.7
2023-08-14,Monday,peak_season,73,sunny,3.0,30,45,86,1.0,20,65,125,1.0,2650,5080.0,2430.0,91.7
2023-08-15,Tuesday,peak_season,78,partly_cloudy,2.87,30,45,86,1.0,20,65,125,1.0,2650,5080.0,2430.0,91.7
2023-08-16,Wednesday,peak_season,62,partly_cloudy,2.59,30,45,86,1.0,20,65,125,1.0,2650,5080.0,2430.0,91.7
2023-08-17,Thursday,peak_season,85,partly_cloudy,3.0,30,45,86,1.0,20,65,125,1.0,2650,5080.0,2430.0,91.7
2023-08-18,Friday,peak_season,85,sunny,3.0,30,45,86,1.0,20,65,125,1.0,2650,5080.0,2430.0,91.7
2023-08-19,Saturday,peak_season,71,partly_cloudy,3.0,30,45,86,1.0,20,65,125,1.0,2650,5080.0,2430.0,91.7
2023-08-20,Sunday,peak_season,68,partly_cloudy,3.0,30,45,86,1.0,20,65,125,1.0,2650,5080.0,2430.0,91.7
2023-08-21,Monday,peak_season,60,sunny,2.82,30,45,86,1.0,20,65,125,1.0,2650,5080.0,2430.0,91.7
2023-08-22,Tuesday,peak_season,82,sunny,3.0,30,45,86,1.0,20,65,125,1.0,2650,5080.0,2430.0,91.7
2023-08-23,Wednesday,peak_season,70,sunny,3.0,30,45,86,1.0,20,65,125,1.0,2650,5080.0,2430.0,91.7
2023-08-24,Thursday,peak_season,68,sunny,2.61,30,45,86,1.0,20,65,125,1.0,2650,5080.0,2430.0,91.7
2023-08-25,Friday,peak_season,83,sunny,3.0,30,45,86,1.0,20,65,125,1.0,2650,5080.0,2430.0,91.7
2023-08-26,Saturday,peak_season,77,partly_cloudy,3.0,30,45,86,1.0,20,65,125,1.0,2650,5080.0,2430.0,91.7
2023-08-27,Sunday,peak_season,58,partly_cloudy,3.0,30,45,86,1.0,20,65,125,1.0,2650,5080.0,2430.0,91.7
2023-08-28,Monday,peak_season,65,cloudy,1.97,30,45,86,1.0,20,65,125,1.0,2650,5080.0,2430.0,91.7
2023-08-29,Tuesday,peak_season,82,sunny,3.0,30,45,86,1.0,20,65,125,1.0,2650,5080.0,2430.0,91.7
2023-08-30,Wednesday,peak_season,80,sunny,3.0,30,45,86,1.0,20,65,125,1.0,2650,5080.0,2430.0,91.7
2023-08-31,Thursday,peak_season,60,sunny,2.78,30,45,86,1.0,20,65,125,1.0,2650,5080.0,2430.0,91.7
2023-09-01,Friday,peak_season,57,sunny,3.0,30,45,86,1.0,20,65,125,1.0,2650,5080.0,2430.0,91.7
2023-09-02,Saturday,peak_season,65,partly_cloudy,3.0,30,45,86,1.0,20,65,125,1.0,2650,5080.0,2430.0,91.7
2023-09-03,Sunday,peak_season,73,sunny,3.0,30,45,86,1.0,20,65,125,1.0,2650,5080.0,2430.0,91.7
2023-09-04,Monday,peak_season,64,sunny,2.65,30,45,86,1.0,20,65,125,1.0,2650,5080.0,2430.0,91.7
2023-09-05,Tuesday,peak_season,53,cloudy,1.5,30,45,70,1.0,20,65,101,1.0,2650,4120.0,1470.0,55.5
2023-09-06,Wednesday,peak_season,73,sunny,3.0,30,45,86,1.0,20,65,125,1.0,2650,5080.0,2430.0,91.7
2023-09-07,Thursday,peak_season,55,sunny,3.0,30,45,86,1.0,20,65,125,1.0,2650,5080.0,2430.0,91.7
2023-09-08,Friday,peak_season,58,cloudy,2.72,30,45,86,1.0,20,65,125,1.0,2650,5080.0,2430.0,91.7
2023-09-09,Saturday,peak_season,66,sunny,3.0,30,45,86,1.0,20,65,125,1.0,2650,5080.0,2430.0,91.7
2023-09-10,Sunday,peak_season,76,sunny,3.0,30,45,86,1.0,20,65,125,1.0,2650,5080.0,2430.0,91.7
2023-09-11,Monday,peak_season,55,sunny,3.0,30,45,86,1.0,20,65,125,1.0,2650,5080.0,2430.0,91.7
2023-09-12,Tuesday,peak_season,54,sunny,2.61,30,45,86,1.0,19,65,125,0.95,2585,4955.0,2370.0,91.7
2023-09-13,Wednesday,peak_season,67,sunny,3.0,30,45,86,1.0,20,65,125,1.0,2650,5080.0,2430.0,91.7
2023-09-14,Thursday,peak_season,70,partly_cloudy,2.9,30,45,86,1.0,20,65,125,1.0,2650,5080.0,2430.0,91.7
2023-09-15,Friday,peak_season,77,sunny,3.0,30,45,86,1.0,20,65,125,1.0,2650,5080.0,2430.0,91.7
2023-09-16,Saturday,peak_season,65,partly_cloudy,3.0,30,45,86,1.0,20,65,125,1.0,2650,5080.0,2430.0,91.7
2023-09-17,Sunday,peak_season,51,sunny,3.0,30,45,86,1.0,20,65,125,1.0,2650,5080.0,2430.0,91.7
2023-09-18,Monday,peak_season,53,cloudy,1.54,30,45,70,1.0,20,65,101,1.0,2650,4120.0,1470.0,55.5
2023-09-19,Tuesday,peak_season,52,partly_cloudy,2.04,30,45,86,1.0,20,65,125,1.0,2650,5080.0,2430.0,91.7
2023-09-20,Wednesday,peak_season,54,sunny,2.33,30,45,86,1.0,20,65,125,1.0,2650,5080.0,2430.0,91.7
2023-09-21,Thursday,peak_season,59,sunny,2.64,30,45,86,1.0,20,65,125,1.0,2650,5080.0,2430.0,91.7
2023-09-22,Friday,peak_season,67,partly_cloudy,3.0,30,45,86,1.0,20,65,125,1.0,2650,5080.0,2430.0,91.7
2023-09-23,Saturday,peak_season,75,partly_cloudy,3.0,30,45,86,1.0,20,65,125,1.0,2650,5080.0,2430.0,91.7
2023-09-24,Sunday,peak_season,62,partly_cloudy,3.0,30,45,86,1.0,20,65,125,1.0,2650,5080.0,2430.0,91.7
2023-09-25,Monday,peak_season,77,sunny,3.0,30,45,86,1.0,20,65,125,1.0,2650,5080.0,2430.0,91.7
2023-09-26,Tuesday,peak_season,68,partly_cloudy,2.5,30,45,86,1.0,20,65,125,1.0,2650,5080.0,2430.0,91.7
2023-09-27,Wednesday,peak_season,73,sunny,3.0,30,45,86,1.0,20,65,125,1.0,2650,5080.0,2430.0,91.7
2023-09-28,Thursday,peak_season,70,sunny,3.0,30,45,86,1.0,20,65,125,1.0,2650,5080.0,2430.0,91.7
2023-09-29,Friday,peak_season,55,sunny,3.0,30,45,86,1.0,20,65,125,1.0,2650,5080.0,2430.0,91.7
2023-09-30,Saturday,peak_season,55,sunny,3.0,30,45,86,1.0,20,65,125,1.0,2650,5080.0,2430.0,91.7
2023-10-01,Sunday,shoulder_season,59,partly_cloudy,1.32,30,45,70,1.0,20,65,101,1.0,2650,4120.0,1470.0,55.5
2023-10-02,Monday,shoulder_season,49,cloudy,0.76,21,45,36,0.7,6,65,52,0.3,1335,1068.0,-267.0,-20.0
2023-10-03,Tuesday,shoulder_season,54,sunny,0.96,30,45,54,1.0,14,65,65,0.7,2260,2530.0,270.0,11.9
2023-10-04,Wednesday,shoulder_season,48,cloudy,0.75,24,45,36,0.8,12,65,52,0.6,1860,1488.0,-372.0,-20.0
2023-10-05,Thursday,shoulder_season,61,cloudy,0.82,22,45,45,0.73,8,65,65,0.4,1510,1510.0,0.0,0.0
2023-10-06,Friday,shoulder_season,43,overcast,0.7,20,45,36,0.67,14,65,52,0.7,1810,1448.0,-362.0,-20.0
2023-10-07,Saturday,shoulder_season,69,sunny,1.62,30,45,70,1.0,20,65,101,1.0,2650,4120.0,1470.0,55.5
2023-10-08,Sunday,shoulder_season,41,cloudy,0.95,23,45,45,0.77,4,65,58,0.2,1295,1267.0,-28.0,-2.2
2023-10-09,Monday,shoulder_season,63,cloudy,1.01,23,45,45,0.77,18,65,65,0.9,2205,2205.0,0.0,0.0
2023-10-10,Tuesday,shoulder_season,54,sunny,1.1,30,45,54,1.0,18,65,65,0.9,2520,2790.0,270.0,10.7
2023-10-11,Wednesday,shoulder_season,62,partly_cloudy,1.02,30,45,54,1.0,12,65,65,0.6,2130,2400.0,270.0,12.7
2023-10-12,Thursday,shoulder_season,57,partly_cloudy,0.96,30,45,54,1.0,9,65,65,0.45,1935,2205.0,270.0,14.0
2023-10-13,Friday,shoulder_season,41,snowy,0.21,2,45,24,0.07,2,65,35,0.1,220,118.0,-102.0,-46.4
2023-10-14,Saturday,shoulder_season,59,sunny,1.6,30,45,70,1.0,20,65,101,1.0,2650,4120.0,1470.0,55.5
2023-10-15,Sunday,shoulder_season,70,partly_cloudy,2.05,30,45,86,1.0,20,65,125,1.0,2650,5080.0,2430.0,91.7
2023-10-16,Monday,shoulder_season,58,rainy,0.46,14,45,27,0.47,5,65,35,0.25,955,553.0,-402.0,-42.1
2023-10-17,Tuesday,shoulder_season,61,cloudy,0.92,25,45,45,0.83,11,65,65,0.55,1840,1840.0,0.0,0.0
2023-10-18,Wednesday,shoulder_season,64,cloudy,0.89,26,45,45,0.87,17,65,65,0.85,2275,2275.0,0.0,0.0
2023-10-19,Thursday,shoulder_season,60,partly_cloudy,1.03,29,45,54,0.97,17,65,65,0.85,2410,2671.0,261.0,10.8
2023-10-20,Friday,shoulder_season,58,partly_cloudy,1.44,30,45,70,1.0,20,65,101,1.0,2650,4120.0,1470.0,55.5
2023-10-21,Saturday,shoulder_season,42,overcast,0.76,24,45,36,0.8,12,65,52,0.6,1860,1488.0,-372.0,-20.0
2023-10-22,Sunday,shoulder_season,50,partly_cloudy,1.36,30,45,70,1.0,20,65,101,1.0,2650,4120.0,1470.0,55.5
2023-10-23,Monday,shoulder_season,50,partly_cloudy,0.88,29,45,54,0.97,10,65,65,0.5,1955,2216.0,261.0,13.4
2023-10-24,Tuesday,shoulder_season,61,rainy,0.44,13,45,27,0.43,6,65,39,0.3,975,585.0,-390.0,-40.0
2023-10-25,Wednesday,shoulder_season,57,sunny,1.14,27,45,45,0.9,15,65,65,0.75,2190,2190.0,0.0,0.0
2023-10-26,Thursday,shoulder_season,48,sunny,1.19,30,45,54,1.0,20,65,78,1.0,2650,3180.0,530.0,20.0
2023-10-27,Friday,shoulder_season,52,cloudy,0.95,27,45,45,0.9,17,65,65,0.85,2320,2320.0,0.0,0.0
2023-10-28,Saturday,shoulder_season,40,overcast,0.79,22,45,36,0.73,10,65,52,0.5,1640,1312.0,-328.0,-20.0
2023-10-29,Sunday,shoulder_season,53,sunny,1.46,30,45,70,1.0,19,65,101,0.95,2585,4019.0,1434.0,55.5
2023-10-30,Monday,shoulder_season,59,cloudy,0.93,30,45,54,1.0,13,65,65,0.65,2195,2465.0,270.0,12.3
2023-10-31,Tuesday,shoulder_season,64,sunny,1.21,30,45,54,1.0,16,65,65,0.8,2390,2660.0,270.0,11.3
2023-11-01,Wednesday,shoulder_season,29,sunny,0.77,29,45,43,0.97,14,65,52,0.7,2215,1975.0,-240.0,-10.8
2023-11-02,Thursday,shoulder_season,47,partly_cloudy,0.76,22,45,36,0.73,5,65,47,0.25,1315,1027.0,-288.0,-21.9
2023-11-03,Friday,shoulder_season,45,overcast,0.62,18,45,36,0.6,9,65,52,0.45,1395,1116.0,-279.0,-20.0
2023-11-04,Saturday,shoulder_season,30,cloudy,0.65,16,45,36,0.53,9,65,52,0.45,1305,1044.0,-261.0,-20.0
2023-11-05,Sunday,shoulder_season,38,cloudy,0.87,19,45,45,0.63,11,65,65,0.55,1570,1570.0,0.0,0.0
2023-11-06,Monday,shoulder_season,54,sunny,1.18,30,45,54,1.0,8,65,65,0.4,1870,2140.0,270.0,14.4
2023-11-07,Tuesday,shoulder_season,45,snowy,0.16,5,45,24,0.17,4,65,35,0.2,485,260.0,-225.0,-46.4
2023-11-08,Wednesday,shoulder_season,47,sunny,1.1,25,45,45,0.83,12,65,65,0.6,1905,1905.0,0.0,0.0
2023-11-09,Thursday,shoulder_season,38,snowy,0.14,6,45,24,0.2,2,65,35,0.1,400,214.0,-186.0,-46.5
2023-11-10,Friday,shoulder_season,32,overcast,0.45,13,45,27,0.43,8,65,39,0.4,1105,663.0,-442.0,-40.0
2023-11-11,Saturday,shoulder_season,31,sunny,1.09,30,45,54,1.0,15,65,65,0.75,2325,2595.0,270.0,11.6
2023-11-12,Sunday,shoulder_season,53,sunny,1.27,30,45,54,1.0,14,65,65,0.7,2260,2530.0,270.0,11.9
2023-11-13,Monday,shoulder_season,49,cloudy,0.7,19,45,36,0.63,10,65,52,0.5,1505,1204.0,-301.0,-20.0
2023-11-14,Tuesday,shoulder_season,54,cloudy,0.67,20,45,36,0.67,12,65,52,0.6,1680,1344.0,-336.0,-20.0
2023-11-15,Wednesday,shoulder_season,25,cloudy,0.51,17,45,36,0.57,11,65,52,0.55,1480,1184.0,-296.0,-20.0
2023-11-16,Thursday,shoulder_season,43,overcast,0.59,13,45,36,0.43,12,65,52,0.6,1365,1092.0,-273.0,-20.0
2023-11-17,Friday,shoulder_season,52,sunny,1.26,30,45,54,1.0,20,65,78,1.0,2650,3180.0,530.0,20.0
2023-11-18,Saturday,shoulder_season,36,cloudy,0.82,19,45,45,0.63,12,65,65,0.6,1635,1635.0,0.0,0.0
2023-11-19,Sunday,shoulder_season,37,overcast,0.56,10,45,36,0.33,12,65,52,0.6,1230,984.0,-246.0,-20.0
2023-11-20,Monday,shoulder_season,31,sunny,0.72,16,45,36,0.53,14,65,52,0.7,1630,1304.0,-326.0,-20.0
2023-11-21,Tuesday,shoulder_season,37,cloudy,0.58,14,45,36,0.47,12,65,52,0.6,1410,1128.0,-282.0,-20.0
2023-11-22,Wednesday,shoulder_season,26,cloudy,0.54,18,45,36,0.6,9,65,52,0.45,1395,1116.0,-279.0,-20.0
2023-11-23,Thursday,shoulder_season,54,cloudy,0.7,25,45,36,0.83,11,65,52,0.55,1840,1472.0,-368.0,-20.0
2023-11-24,Friday,shoulder_season,46,cloudy,0.9,26,45,45,0.87,10,65,65,0.5,1820,1820.0,0.0,0.0
2023-11-25,Saturday,shoulder_season,29,overcast,0.51,13,45,36,0.43,7,65,52,0.35,1040,832.0,-208.0,-20.0
2023-11-26,Sunday,shoulder_season,41,sunny,1.38,30,45,70,1.0,20,65,101,1.0,2650,4120.0,1470.0,55.5
2023-11-27,Monday,shoulder_season,28,snowy,0.12,1,45,24,0.03,0,65,35,0.0,45,24.0,-21.0,-46.7
2023-11-28,Tuesday,shoulder_season,41,sunny,0.89,26,45,45,0.87,13,65,65,0.65,2015,2015.0,0.0,0.0
2023-11-29,Wednesday,shoulder_season,29,overcast,0.44,11,45,27,0.37,7,65,39,0.35,950,570.0,-380.0,-40.0
2023-11-30,Thursday,shoulder_season,29,cloudy,0.59,14,45,36,0.47,8,65,52,0.4,1150,920.0,-230.0,-20.0
2023-12-01,Friday,off_season,21,cloudy,0.21,8,45,24,0.27,5,65,35,0.25,685,367.0,-318.0,-46.4
2023-12-02,Saturday,off_season,33,snowy,0.1,4,45,24,0.13,0,65,35,0.0,180,96.0,-84.0,-46.7
2023-12-03,Sunday,off_season,34,overcast,0.17,8,45,24,0.27,1,65,35,0.05,425,227.0,-198.0,-46.6
2023-12-04,Monday,off_season,23,sunny,0.26,5,45,24,0.17,3,65,35,0.15,420,225.0,-195.0,-46.4
2023-12-05,Tuesday,off_season,28,overcast,0.11,2,45,24,0.07,0,65,35,0.0,90,48.0,-42.0,-46.7
2023-12-06,Wednesday,off_season,15,snowy,0.1,1,45,24,0.03,0,65,35,0.0,45,24.0,-21.0,-46.7
2023-12-07,Thursday,off_season,22,overcast,0.14,6,45,24,0.2,0,65,35,0.0,270,144.0,-126.0,-46.7
2023-12-08,Friday,off_season,26,overcast,0.16,5,45,24,0.17,2,65,35,0.1,355,190.0,-165.0,-46.5
2023-12-09,Saturday,off_season,35,overcast,0.17,7,45,24,0.23,3,65,35,0.15,510,273.0,-237.0,-46.5
2023-12-10,Sunday,off_season,35,snowy,0.1,1,45,24,0.03,1,65,35,0.05,110,59.0,-51.0,-46.4
2023-12-11,Monday,off_season,23,sunny,0.22,6,45,24,0.2,2,65,35,0.1,400,214.0,-186.0,-46.5
2023-12-12,Tuesday,off_season,24,cloudy,0.15,5,45,24,0.17,1,65,35,0.05,290,155.0,-135.0,-46.6
2023-12-13,Wednesday,off_season,26,cloudy,0.18,7,45,24,0.23,1,65,35,0.05,380,203.0,-177.0,-46.6
2023-12-14,Thursday,off_season,18,snowy,0.1,0,45,24,0.0,1,65,35,0.05,65,35.0,-30.0,-46.2
2023-12-15,Friday,off_season,25,sunny,0.26,5,45,24,0.17,6,65,39,0.3,615,354.0,-261.0,-42.4
2023-12-16,Saturday,off_season,42,cloudy,0.28,14,45,27,0.47,2,65,35,0.1,760,448.0,-312.0,-41.1
2023-12-17,Sunday,off_season,33,snowy,0.1,2,45,24,0.07,0,65,35,0.0,90,48.0,-42.0,-46.7
2023-12-18,Monday,off_season,13,overcast,0.12,3,45,24,0.1,1,65,35,0.05,200,107.0,-93.0,-46.5
2023-12-19,Tuesday,off_season,22,sunny,0.21,7,45,24,0.23,1,65,35,0.05,380,203.0,-177.0,-46.6
2023-12-20,Wednesday,off_season,27,overcast,0.14,3,45,24,0.1,0,65,35,0.0,135,72.0,-63.0,-46.7
2023-12-21,Thursday,off_season,22,sunny,0.23,4,45,24,0.13,2,65,35,0.1,310,166.0,-144.0,-46.5
2023-12-22,Friday,off_season,21,cloudy,0.18,10,45,27,0.33,2,65,35,0.1,580,340.0,-240.0,-41.4
2023-12-23,Saturday,off_season,25,overcast,0.16,6,45,24,0.2,0,65,35,0.0,270,144.0,-126.0,-46.7
2023-12-24,Sunday,off_season,25,cloudy,0.23,7,45,24,0.23,6,65,39,0.3,705,402.0,-303.0,-43.0
2023-12-25,Monday,off_season,35,snowy,0.1,2,45,24,0.07,0,65,35,0.0,90,48.0,-42.0,-46.7
2023-12-26,Tuesday,off_season,34,cloudy,0.14,8,45,24,0.27,1,65,35,0.05,425,227.0,-198.0,-46.6
2023-12-27,Wednesday,off_season,40,sunny,0.33,13,45,27,0.43,8,65,39,0.4,1105,663.0,-442.0,-40.0
2023-12-28,Thursday,off_season,14,overcast,0.14,3,45,24,0.1,2,65,35,0.1,265,142.0,-123.0,-46.4
2023-12-29,Friday,off_season,39,overcast,0.14,8,45,24,0.27,4,65,35,0.2,620,332.0,-288.0,-46.5
2023-12-30,Saturday,off_season,38,snowy,0.1,5,45,24,0.17,2,65,35,0.1,355,190.0,-165.0,-46.5
2023-12-31,Sunday,off_season,20,sunny,0.34,12,45,27,0.4,4,65,35,0.2,800,464.0,-336.0,-42.0
2024-01-01,Monday,off_season,31,sunny,0.25,6,45,24,0.2,6,65,39,0.3,660,378.0,-282.0,-42.7
2024-01-02,Tuesday,off_season,31,overcast,0.13,4,45,24,0.13,0,65,35,0.0,180,96.0,-84.0,-46.7
2024-01-03,Wednesday,off_season,38,sunny,0.2,4,45,24,0.13,2,65,35,0.1,310,166.0,-144.0,-46.5
2024-01-04,Thursday,off_season,35,cloudy,0.17,4,45,24,0.13,2,65,35,0.1,310,166.0,-144.0,-46.5
2024-01-05,Friday,off_season,33,snowy,0.1,1,45,24,0.03,1,65,35,0.05,110,59.0,-51.0,-46.4
2024-01-06,Saturday,off_season,20,sunny,0.3,13,45,27,0.43,5,65,35,0.25,910,526.0,-384.0,-42.2
2024-01-07,Sunday,off_season,14,sunny,0.36,13,45,27,0.43,7,65,39,0.35,1040,624.0,-416.0,-40.0
2024-01-08,Monday,off_season,21,cloudy,0.18,4,45,24,0.13,2,65,35,0.1,310,166.0,-144.0,-46.5
2024-01-09,Tuesday,off_season,36,snowy,0.1,1,45,24,0.03,1,65,35,0.05,110,59.0,-51.0,-46.4
2024-01-10,Wednesday,off_season,40,cloudy,0.24,2,45,24,0.07,3,65,35,0.15,285,153.0,-132.0,-46.3
2024-01-11,Thursday,off_season,33,overcast,0.14,6,45,24,0.2,3,65,35,0.15,465,249.0,-216.0,-46.5
2024-01-12,Friday,off_season,24,overcast,0.13,5,45,24,0.17,1,65,35,0.05,290,155.0,-135.0,-46.6
2024-01-13,Saturday,off_season,40,snowy,0.11,6,45,24,0.2,2,65,35,0.1,400,214.0,-186.0,-46.5
2024-01-14,Sunday,off_season,31,overcast,0.2,7,45,24,0.23,0,65,35,0.0,315,168.0,-147.0,-46.7
2024-01-15,Monday,off_season,35,cloudy,0.14,7,45,24,0.23,2,65,35,0.1,445,238.0,-207.0,-46.5
2024-01-16,Tuesday,off_season,22,snowy,0.1,1,45,24,0.03,2,65,35,0.1,175,94.0,-81.0,-46.3
2024-01-17,Wednesday,off_season,24,cloudy,0.17,6,45,24,0.2,0,65,35,0.0,270,144.0,-126.0,-46.7
2024-01-18,Thursday,off_season,18,cloudy,0.18,4,45,24,0.13,2,65,35,0.1,310,166.0,-144.0,-46.5
2024-01-19,Friday,off_season,40,cloudy,0.27,6,45,24,0.2,7,65,39,0.35,725,417.0,-308.0,-42.5
2024-01-20,Saturday,off_season,25,snowy,0.1,2,45,24,0.07,2,65,35,0.1,220,118.0,-102.0,-46.4
2024-01-21,Sunday,off_season,27,cloudy,0.23,4,45,24,0.13,2,65,35,0.1,310,166.0,-144.0,-46.5
2024-01-22,Monday,off_season,30,snowy,0.1,4,45,24,0.13,4,65,35,0.2,440,236.0,-204.0,-46.4
2024-01-23,Tuesday,off_season,39,sunny,0.24,4,45,24,0.13,2,65,35,0.1,310,166.0,-144.0,-46.5
2024-01-24,Wednesday,off_season,13,snowy,0.1,6,45,24,0.2,1,65,35,0.05,335,179.0,-156.0,-46.6
2024-01-25,Thursday,off_season,19,overcast,0.11,1,45,24,0.03,3,65,35,0.15,240,129.0,-111.0,-46.2
2024-01-26,Friday,off_season,17,overcast,0.13,5,45,24,0.17,2,65,35,0.1,355,190.0,-165.0,-46.5
2024-01-27,Saturday,off_season,24,cloudy,0.26,4,45,24,0.13,4,65,35,0.2,440,236.0,-204.0,-46.4
2024-01-28,Sunday,off_season,32,overcast,0.17,4,45,24,0.13,3,65,35,0.15,375,201.0,-174.0,-46.4
2024-01-29,Monday,off_season,33,sunny,0.26,4,45,24,0.13,6,65,39,0.3,570,330.0,-240.0,-42.1
2024-01-30,Tuesday,off_season,30,snowy,0.1,6,45,24,0.2,1,65,35,0.05,335,179.0,-156.0,-46.6
2024-01-31,Wednesday,off_season,23,overcast,0.12,9,45,27,0.3,0,65,35,0.0,405,243.0,-162.0,-40.0
2024-02-01,Thursday,off_season,37,cloudy,0.16,5,45,24,0.17,3,65,35,0.15,420,225.0,-195.0,-46.4
2024-02-02,Friday,off_season,45,snowy,0.1,0,45,24,0.0,2,65,35,0.1,130,70.0,-60.0,-46.2
2024-02-03,Saturday,off_season,36,cloudy,0.25,7,45,24,0.23,3,65,35,0.15,510,273.0,-237.0,-46.5
2024-02-04,Sunday,off_season,35,cloudy,0.22,8,45,24,0.27,4,65,35,0.2,620,332.0,-288.0,-46.5
2024-02-05,Monday,off_season,21,overcast,0.14,4,45,24,0.13,1,65,35,0.05,245,131.0,-114.0,-46.5
2024-02-06,Tuesday,off_season,41,cloudy,0.23,3,45,24,0.1,3,65,35,0.15,330,177.0,-153.0,-46.4
2024-02-07,Wednesday,off_season,35,sunny,0.27,14,45,27,0.47,4,65,35,0.2,890,518.0,-372.0,-41.8
2024-02-08,Thursday,off_season,16,sunny,0.22,4,45,24,0.13,6,65,39,0.3,570,330.0,-240.0,-42.1
2024-02-09,Friday,off_season,19,sunny,0.26,5,45,24,0.17,1,65,35,0.05,290,155.0,-135.0,-46.6
2024-02-10,Saturday,off_season,41,sunny,0.4,11,45,27,0.37,3,65,35,0.15,690,402.0,-288.0,-41.7
2024-02-11,Sunday,off_season,21,overcast,0.16,2,45,24,0.07,4,65,35,0.2,350,188.0,-162.0,-46.3
2024-02-12,Monday,off_season,39,snowy,0.1,3,45,24,0.1,2,65,35,0.1,265,142.0,-123.0,-46.4
2024-02-13,Tuesday,off_season,15,snowy,0.1,6,45,24,0.2,1,65,35,0.05,335,179.0,-156.0,-46.6
2024-02-14,Wednesday,off_season,19,cloudy,0.18,6,45,24,0.2,2,65,35,0.1,400,214.0,-186.0,-46.5
2024-02-15,Thursday,off_season,18,sunny,0.2,9,45,27,0.3,5,65,35,0.25,730,418.0,-312.0,-42.7
2024-02-16,Friday,off_season,15,cloudy,0.21,11,45,27,0.37,3,65,35,0.15,690,402.0,-288.0,-41.7
2024-02-17,Saturday,off_season,33,cloudy,0.2,2,45,24,0.07,4,65,35,0.2,350,188.0,-162.0,-46.3
2024-02-18,Sunday,off_season,16,snowy,0.1,3,45,24,0.1,3,65,35,0.15,330,177.0,-153.0,-46.4
2024-02-19,Monday,off_season,18,sunny,0.23,7,45,24,0.23,6,65,39,0.3,705,402.0,-303.0,-43.0
2024-02-20,Tuesday,off_season,39,cloudy,0.17,3,45,24,0.1,2,65,35,0.1,265,142.0,-123.0,-46.4
2024-02-21,Wednesday,off_season,29,cloudy,0.18,5,45,24,0.17,3,65,35,0.15,420,225.0,-195.0,-46.4
2024-02-22,Thursday,off_season,16,sunny,0.26,7,45,24,0.23,3,65,35,0.15,510,273.0,-237.0,-46.5
2024-02-23,Friday,off_season,36,cloudy,0.19,5,45,24,0.17,2,65,35,0.1,355,190.0,-165.0,-46.5
2024-02-24,Saturday,off_season,45,snowy,0.12,4,45,24,0.13,1,65,35,0.05,245,131.0,-114.0,-46.5
2024-02-25,Sunday,off_season,42,cloudy,0.32,9,45,27,0.3,4,65,35,0.2,665,383.0,-282.0,-42.4
2024-02-26,Monday,off_season,30,sunny,0.23,6,45,24,0.2,4,65,35,0.2,530,284.0,-246.0,-46.4
2024-02-27,Tuesday,off_season,43,snowy,0.1,4,45,24,0.13,3,65,35,0.15,375,201.0,-174.0,-46.4
2024-02-28,Wednesday,off_season,17,snowy,0.1,0,45,24,0.0,1,65,35,0.05,65,35.0,-30.0,-46.2
2024-02-29,Thursday,off_season,33,cloudy,0.15,7,45,24,0.23,0,65,35,0.0,315,168.0,-147.0,-46.7
2024-03-01,Friday,off_season,44,cloudy,0.26,8,45,24,0.27,5,65,35,0.25,685,367.0,-318.0,-46.4
2024-03-02,Saturday,off_season,44,cloudy,0.33,6,45,24,0.2,2,65,35,0.1,400,214.0,-186.0,-46.5
2024-03-03,Sunday,off_season,28,overcast,0.18,10,45,27,0.33,4,65,35,0.2,710,410.0,-300.0,-42.3
2024-03-04,Monday,off_season,49,cloudy,0.24,11,45,27,0.37,5,65,35,0.25,820,472.0,-348.0,-42.4
2024-03-05,Tuesday,off_season,38,cloudy,0.15,3,45,24,0.1,2,65,35,0.1,265,142.0,-123.0,-46.4
2024-03-06,Wednesday,off_season,35,overcast,0.12,4,45,24,0.13,1,65,35,0.05,245,131.0,-114.0,-46.5
2024-03-07,Thursday,off_season,48,snowy,0.1,1,45,24,0.03,0,65,35,0.0,45,24.0,-21.0,-46.7
2024-03-08,Friday,off_season,46,snowy,0.1,5,45,24,0.17,1,65,35,0.05,290,155.0,-135.0,-46.6
2024-03-09,Saturday,off_season,46,overcast,0.2,7,45,24,0.23,4,65,35,0.2,575,308.0,-267.0,-46.4
2024-03-10,Sunday,off_season,51,snowy,0.1,3,45,24,0.1,2,65,35,0.1,265,142.0,-123.0,-46.4
2024-03-11,Monday,off_season,48,sunny,0.34,14,45,27,0.47,7,65,39,0.35,1085,651.0,-434.0,-40.0
2024-03-12,Tuesday,off_season,42,snowy,0.1,2,45,24,0.07,0,65,35,0.0,90,48.0,-42.0,-46.7
2024-03-13,Wednesday,off_season,42,cloudy,0.19,0,45,24,0.0,3,65,35,0.15,195,105.0,-90.0,-46.2
2024-03-14,Thursday,off_season,36,overcast,0.14,1,45,24,0.03,2,65,35,0.1,175,94.0,-81.0,-46.3
2024-03-15,Friday,off_season,38,overcast,0.16,3,45,24,0.1,2,65,35,0.1,265,142.0,-123.0,-46.4
2024-03-16,Saturday,off_season,55,snowy,0.12,2,45,24,0.07,3,65,35,0.15,285,153.0,-132.0,-46.3
2024-03-17,Sunday,off_season,28,cloudy,0.21,9,45,27,0.3,2,65,35,0.1,535,313.0,-222.0,-41.5
2024-03-18,Monday,off_season,46,cloudy,0.24,6,45,24,0.2,2,65,35,0.1,400,214.0,-186.0,-46.5
2024-03-19,Tuesday,off_season,36,overcast,0.12,2,45,24,0.07,3,65,35,0.15,285,153.0,-132.0,-46.3
2024-03-20,Wednesday,off_season,49,snowy,0.1,0,45,24,0.0,4,65,35,0.2,260,140.0,-120.0,-46.2
2024-03-21,Thursday,off_season,38,overcast,0.14,4,45,24,0.13,3,65,35,0.15,375,201.0,-174.0,-46.4
2024-03-22,Friday,off_season,51,sunny,0.39,11,45,27,0.37,5,65,35,0.25,820,472.0,-348.0,-42.4
2024-03-23,Saturday,off_season,42,snowy,0.11,3,45,24,0.1,2,65,35,0.1,265,142.0,-123.0,-46.4
2024-03-24,Sunday,off_season,51,sunny,0.38,9,45,27,0.3,3,65,35,0.15,600,348.0,-252.0,-42.0
2024-03-25,Monday,off_season,33,sunny,0.22,4,45,24,0.13,3,65,35,0.15,375,201.0,-174.0,-46.4
2024-03-26,Tuesday,off_season,35,cloudy,0.15,5,45,24,0.17,4,65,35,0.2,485,260.0,-225.0,-46.4
2024-03-27,Wednesday,off_season,29,cloudy,0.16,6,45,24,0.2,6,65,39,0.3,660,378.0,-282.0,-42.7
2024-03-28,Thursday,off_season,29,sunny,0.27,6,45,24,0.2,4,65,35,0.2,530,284.0,-246.0,-46.4
2024-03-29,Friday,off_season,27,sunny,0.26,8,45,24,0.27,4,65,35,0.2,620,332.0,-288.0,-46.5
2024-03-30,Saturday,off_season,38,cloudy,0.2,8,45,24,0.27,2,65,35,0.1,490,262.0,-228.0,-46.5
2024-03-31,Sunday,off_season,34,sunny,0.35,10,45,27,0.33,3,65,35,0.15,645,375.0,-270.0,-41.9
2024-04-01,Monday,shoulder_season,53,partly_cloudy,0.98,30,45,54,1.0,16,65,65,0.8,2390,2660.0,270.0,11.3
2024-04-02,Tuesday,shoulder_season,39,cloudy,0.56,22,45,36,0.73,9,65,52,0.45,1575,1260.0,-315.0,-20.0
2024-04-03,Wednesday,shoulder_season,56,sunny,1.28,23,45,45,0.77,12,65,65,0.6,1815,1815.0,0.0,0.0
2024-04-04,Thursday,shoulder_season,48,partly_cloudy,0.86,24,45,45,0.8,13,65,65,0.65,1925,1925.0,0.0,0.0
2024-04-05,Friday,shoulder_season,43,cloudy,0.87,28,45,54,0.93,13,65,65,0.65,2105,2357.0,252.0,12.0
2024-04-06,Saturday,shoulder_season,46,partly_cloudy,1.15,30,45,54,1.0,17,65,65,0.85,2455,2725.0,270.0,11.0
2024-04-07,Sunday,shoulder_season,56,partly_cloudy,1.55,30,45,70,1.0,20,65,101,1.0,2650,4120.0,1470.0,55.5
2024-04-08,Monday,shoulder_season,44,cloudy,0.7,29,45,43,0.97,14,65,52,0.7,2215,1975.0,-240.0,-10.8
2024-04-09,Tuesday,shoulder_season,54,sunny,0.95,28,45,54,0.93,15,65,65,0.75,2235,2487.0,252.0,11.3
2024-04-10,Wednesday,shoulder_season,65,sunny,1.16,30,45,54,1.0,18,65,65,0.9,2520,2790.0,270.0,10.7
2024-04-11,Thursday,shoulder_season,43,cloudy,0.64,14,45,36,0.47,11,65,52,0.55,1345,1076.0,-269.0,-20.0
2024-04-12,Friday,shoulder_season,50,cloudy,0.78,23,45,36,0.77,7,65,52,0.35,1490,1192.0,-298.0,-20.0
2024-04-13,Saturday,shoulder_season,47,partly_cloudy,1.13,30,45,54,1.0,17,65,65,0.85,2455,2725.0,270.0,11.0
2024-04-14,Sunday,shoulder_season,52,cloudy,1.1,30,45,54,1.0,9,65,65,0.45,1935,2205.0,270.0,14.0
2024-04-15,Monday,shoulder_season,37,cloudy,0.58,19,45,36,0.63,11,65,52,0.55,1570,1256.0,-314.0,-20.0
2024-04-16,Tuesday,shoulder_season,48,sunny,1.17,30,45,54,1.0,14,65,65,0.7,2260,2530.0,270.0,11.9
2024-04-17,Wednesday,shoulder_season,62,sunny,1.27,28,45,54,0.93,10,65,65,0.5,1910,2162.0,252.0,13.2
2024-04-18,Thursday,shoulder_season,47,cloudy,0.7,17,45,36,0.57,9,65,52,0.45,1350,1080.0,-270.0,-20.0
2024-04-19,Friday,shoulder_season,38,overcast,0.57,15,45,36,0.5,5,65,47,0.25,1000,775.0,-225.0,-22.5
2024-04-20,Saturday,shoulder_season,40,snowy,0.23,6,45,24,0.2,4,65,35,0.2,530,284.0,-246.0,-46.4
2024-04-21,Sunday,shoulder_season,61,partly_cloudy,1.48,30,45,70,1.0,15,65,84,0.75,2325,3360.0,1035.0,44.5
2024-04-22,Monday,shoulder_season,48,cloudy,0.66,17,45,36,0.57,7,65,52,0.35,1220,976.0,-244.0,-20.0
2024-04-23,Tuesday,shoulder_season,53,partly_cloudy,0.77,24,45,36,0.8,9,65,52,0.45,1665,1332.0,-333.0,-20.0
2024-04-24,Wednesday,shoulder_season,62,sunny,1.24,30,45,54,1.0,13,65,65,0.65,2195,2465.0,270.0,12.3
2024-04-25,Thursday,shoulder_season,45,snowy,0.14,7,45,24,0.23,2,65,35,0.1,445,238.0,-207.0,-46.5
2024-04-26,Friday,shoulder_season,55,sunny,1.56,30,45,70,1.0,20,65,101,1.0,2650,4120.0,1470.0,55.5
2024-04-27,Saturday,shoulder_season,63,cloudy,1.2,30,45,54,1.0,17,65,65,0.85,2455,2725.0,270.0,11.0
2024-04-28,Sunday,shoulder_season,65,cloudy,1.38,30,45,70,1.0,20,65,101,1.0,2650,4120.0,1470.0,55.5
2024-04-29,Monday,shoulder_season,42,cloudy,0.67,17,45,36,0.57,10,65,52,0.5,1415,1132.0,-283.0,-20.0
2024-04-30,Tuesday,shoulder_season,40,overcast,0.6,19,45,36,0.63,8,65,52,0.4,1375,1100.0,-275.0,-20.0
2024-05-01,Wednesday,shoulder_season,65,sunny,1.48,30,45,70,1.0,20,65,101,1.0,2650,4120.0,1470.0,55.5
2024-05-02,Thursday,shoulder_season,65,partly_cloudy,1.18,28,45,54,0.93,15,65,65,0.75,2235,2487.0,252.0,11.3
2024-05-03,Friday,shoulder_season,69,sunny,1.64,30,45,70,1.0,11,65,84,0.55,2065,3024.0,959.0,46.4
2024-05-04,Saturday,shoulder_season,73,sunny,2.27,30,45,86,1.0,20,65,125,1.0,2650,5080.0,2430.0,91.7
2024-05-05,Sunday,shoulder_season,64,sunny,2.08,30,45,86,1.0,20,65,125,1.0,2650,5080.0,2430.0,91.7
2024-05-06,Monday,shoulder_season,55,sunny,1.13,30,45,54,1.0,15,65,65,0.75,2325,2595.0,270.0,11.6
2024-05-07,Tuesday,shoulder_season,59,partly_cloudy,1.2,29,45,54,0.97,13,65,65,0.65,2150,2411.0,261.0,12.1
2024-05-08,Wednesday,shoulder_season,63,sunny,1.3,30,45,70,1.0,20,65,101,1.0,2650,4120.0,1470.0,55.5
2024-05-09,Thursday,shoulder_season,54,partly_cloudy,0.76,23,45,36,0.77,10,65,52,0.5,1685,1348.0,-337.0,-20.0
2024-05-10,Friday,shoulder_season,56,cloudy,0.94,22,45,45,0.73,13,65,65,0.65,1835,1835.0,0.0,0.0
2024-05-11,Saturday,shoulder_season,72,cloudy,1.33,30,45,70,1.0,16,65,84,0.8,2390,3444.0,1054.0,44.1
2024-05-12,Sunday,shoulder_season,64,partly_cloudy,1.52,30,45,70,1.0,20,65,101,1.0,2650,4120.0,1470.0,55.5
2024-05-13,Monday,shoulder_season,62,rainy,0.43,8,45,24,0.27,5,65,35,0.25,685,367.0,-318.0,-46.4
2024-05-14,Tuesday,shoulder_season,46,partly_cloudy,0.96,29,45,54,0.97,10,65,65,0.5,1955,2216.0,261.0,13.4
2024-05-15,Wednesday,shoulder_season,65,sunny,1.34,30,45,70,1.0,20,65,101,1.0,2650,4120.0,1470.0,55.5
2024-05-16,Thursday,shoulder_season,61,sunny,1.13,30,45,54,1.0,13,65,65,0.65,2195,2465.0,270.0,12.3
2024-05-17,Friday,shoulder_season,48,cloudy,0.95,30,45,54,1.0,16,65,65,0.8,2390,2660.0,270.0,11.3
2024-05-18,Saturday,shoulder_season,67,sunny,1.9,30,45,86,1.0,18,65,104,0.9,2520,4452.0,1932.0,76.7
2024-05-19,Sunday,shoulder_season,46,sunny,1.43,30,45,70,1.0,15,65,84,0.75,2325,3360.0,1035.0,44.5
2024-05-20,Monday,shoulder_season,59,partly_cloudy,1.14,30,45,54,1.0,9,65,65,0.45,1935,2205.0,270.0,14.0
2024-05-21,Tuesday,shoulder_season,56,sunny,1.22,30,45,54,1.0,17,65,65,0.85,2455,2725.0,270.0,11.0
2024-05-22,Wednesday,shoulder_season,58,cloudy,0.95,28,45,54,0.93,16,65,65,0.8,2300,2552.0,252.0,11.0
2024-05-23,Thursday,shoulder_season,46,cloudy,0.75,13,45,36,0.43,7,65,52,0.35,1040,832.0,-208.0,-20.0
2024-05-24,Friday,shoulder_season,47,sunny,1.27,30,45,54,1.0,20,65,78,1.0,2650,3180.0,530.0,20.0
2024-05-25,Saturday,shoulder_season,57,sunny,1.94,30,45,86,1.0,20,65,125,1.0,2650,5080.0,2430.0,91.7
2024-05-26,Sunday,shoulder_season,66,cloudy,1.3,30,45,54,1.0,20,65,78,1.0,2650,3180.0,530.0,20.0
2024-05-27,Monday,shoulder_season,49,sunny,1.07,30,45,54,1.0,12,65,65,0.6,2130,2400.0,270.0,12.7
2024-05-28,Tuesday,shoulder_season,49,rainy,0.3,10,45,27,0.33,6,65,39,0.3,840,504.0,-336.0,-40.0
2024-05-29,Wednesday,shoulder_season,65,partly_cloudy,1.06,23,45,45,0.77,14,65,65,0.7,1945,1945.0,0.0,0.0
2024-05-30,Thursday,shoulder_season,64,cloudy,0.79,14,45,36,0.47,14,65,52,0.7,1540,1232.0,-308.0,-20.0
2024-05-31,Friday,shoulder_season,62,sunny,1.7,30,45,70,1.0,16,65,84,0.8,2390,3444.0,1054.0,44.1
2024-06-01,Saturday,peak_season,81,sunny,3.0,30,45,86,1.0,20,65,125,1.0,2650,5080.0,2430.0,91.7
2024-06-02,Sunday,peak_season,85,partly_cloudy,3.0,30,45,86,1.0,20,65,125,1.0,2650,5080.0,2430.0,91.7
2024-06-03,Monday,peak_season,71,sunny,3.0,30,45,86,1.0,20,65,125,1.0,2650,5080.0,2430.0,91.7
2024-06-04,Tuesday,peak_season,71,sunny,3.0,30,45,86,1.0,20,65,125,1.0,2650,5080.0,2430.0,91.7
2024-06-05,Wednesday,peak_season,60,rainy,0.84,23,45,45,0.77,10,65,65,0.5,1685,1685.0,0.0,0.0
2024-06-06,Thursday,peak_season,79,sunny,3.0,30,45,86,1.0,20,65,125,1.0,2650,5080.0,2430.0,91.7
2024-06-07,Friday,peak_season,59,sunny,3.0,30,45,86,1.0,20,65,125,1.0,2650,5080.0,2430.0,91.7
2024-06-08,Saturday,peak_season,80,sunny,3.0,30,45,86,1.0,20,65,125,1.0,2650,5080.0,2430.0,91.7
2024-06-09,Sunday,peak_season,81,partly_cloudy,3.0,30,45,86,1.0,20,65,125,1.0,2650,5080.0,2430.0,91.7
2024-06-10,Monday,peak_season,76,sunny,3.0,30,45,86,1.0,20,65,125,1.0,2650,5080.0,2430.0,91.7
2024-06-11,Tuesday,peak_season,59,partly_cloudy,2.17,30,45,86,1.0,20,65,125,1.0,2650,5080.0,2430.0,91.7
2024-06-12,Wednesday,peak_season,60,cloudy,2.14,30,45,86,1.0,20,65,125,1.0,2650,5080.0,2430.0,91.7
2024-06-13,Thursday,peak_season,80,cloudy,2.53,30,45,86,1.0,20,65,125,1.0,2650,5080.0,2430.0,91.7
2024-06-14,Friday,peak_season,56,partly_cloudy,3.0,30,45,86,1.0,20,65,125,1.0,2650,5080.0,2430.0,91.7
2024-06-15,Saturday,peak_season,62,rainy,1.27,30,45,54,1.0,10,65,65,0.5,2000,2270.0,270.0,13.5
2024-06-16,Sunday,peak_season,79,partly_cloudy,3.0,30,45,86,1.0,20,65,125,1.0,2650,5080.0,2430.0,91.7
2024-06-17,Monday,peak_season,72,sunny,3.0,30,45,86,1.0,20,65,125,1.0,2650,5080.0,2430.0,91.7
2024-06-18,Tuesday,peak_season,80,sunny,3.0,30,45,86,1.0,20,65,125,1.0,2650,5080.0,2430.0,91.7
2024-06-19,Wednesday,peak_season,66,partly_cloudy,2.47,30,45,86,1.0,20,65,125,1.0,2650,5080.0,2430.0,91.7
2024-06-20,Thursday,peak_season,69,sunny,2.67,30,45,86,1.0,20,65,125,1.0,2650,5080.0,2430.0,91.7
2024-06-21,Friday,peak_season,67,sunny,3.0,30,45,86,1.0,20,65,125,1.0,2650,5080.0,2430.0,91.7
2024-06-22,Saturday,peak_season,60,cloudy,3.0,30,45,86,1.0,20,65,125,1.0,2650,5080.0,2430.0,91.7
2024-06-23,Sunday,peak_season,59,cloudy,2.4,30,45,86,1.0,20,65,125,1.0,2650,5080.0,2430.0,91.7
2024-06-24,Monday,peak_season,70,partly_cloudy,2.95,30,45,86,1.0,20,65,125,1.0,2650,5080.0,2430.0,91.7
2024-06-25,Tuesday,peak_season,58,cloudy,1.99,30,45,86,1.0,20,65,125,1.0,2650,5080.0,2430.0,91.7
2024-06-26,Wednesday,peak_season,58,sunny,3.0,30,45,86,1.0,20,65,125,1.0,2650,5080.0,2430.0,91.7
2024-06-27,Thursday,peak_season,63,partly_cloudy,2.43,30,45,86,1.0,20,65,125,1.0,2650,5080.0,2430.0,91.7
2024-06-28,Friday,peak_season,81,sunny,3.0,30,45,86,1.0,20,65,125,1.0,2650,5080.0,2430.0,91.7
2024-06-29,Saturday,peak_season,62,cloudy,3.0,30,45,86,1.0,20,65,125,1.0,2650,5080.0,2430.0,91.7
2024-06-30,Sunday,peak_season,84,sunny,3.0,30,45,86,1.0,20,65,125,1.0,2650,5080.0,2430.0,91.7
2024-07-01,Monday,peak_season,76,sunny,3.0,30,45,86,1.0,20,65,125,1.0,2650,5080.0,2430.0,91.7
2024-07-02,Tuesday,peak_season,62,sunny,2.46,30,45,86,1.0,20,65,125,1.0,2650,5080.0,2430.0,91.7
2024-07-03,Wednesday,peak_season,85,sunny,3.0,30,45,86,1.0,20,65,125,1.0,2650,5080.0,2430.0,91.7
2024-07-04,Thursday,peak_season,70,partly_cloudy,2.59,30,45,86,1.0,20,65,125,1.0,2650,5080.0,2430.0,91.7
2024-07-05,Friday,peak_season,69,cloudy,2.36,30,45,86,1.0,20,65,125,1.0,2650,5080.0,2430.0,91.7
2024-07-06,Saturday,peak_season,85,sunny,3.0,30,45,86,1.0,20,65,125,1.0,2650,5080.0,2430.0,91.7
2024-07-07,Sunday,peak_season,74,partly_cloudy,3.0,30,45,86,1.0,20,65,125,1.0,2650,5080.0,2430.0,91.7
2024-07-08,Monday,peak_season,60,sunny,3.0,30,45,86,1.0,20,65,125,1.0,2650,5080.0,2430.0,91.7
2024-07-09,Tuesday,peak_season,77,cloudy,2.45,30,45,86,1.0,20,65,125,1.0,2650,5080.0,2430.0,91.7
2024-07-10,Wednesday,peak_season,73,sunny,3.0,30,45,86,1.0,20,65,125,1.0,2650,5080.0,2430.0,91.7
2024-07-11,Thursday,peak_season,69,sunny,2.64,30,45,86,1.0,20,65,125,1.0,2650,5080.0,2430.0,91.7
2024-07-12,Friday,peak_season,80,partly_cloudy,3.0,30,45,86,1.0,20,65,125,1.0,2650,5080.0,2430.0,91.7
2024-07-13,Saturday,peak_season,63,cloudy,2.77,30,45,86,1.0,20,65,125,1.0,2650,5080.0,2430.0,91.7
2024-07-14,Sunday,peak_season,77,sunny,3.0,30,45,86,1.0,20,65,125,1.0,2650,5080.0,2430.0,91.7
2024-07-15,Monday,peak_season,67,partly_cloudy,2.27,30,45,86,1.0,20,65,125,1.0,2650,5080.0,2430.0,91.7
2024-07-16,Tuesday,peak_season,60,partly_cloudy,2.23,30,45,86,1.0,20,65,125,1.0,2650,5080.0,2430.0,91.7
2024-07-17,Wednesday,peak_season,73,sunny,3.0,30,45,86,1.0,20,65,125,1.0,2650,5080.0,2430.0,91.7
2024-07-18,Thursday,peak_season,76,cloudy,2.07,30,45,86,1.0,20,65,125,1.0,2650,5080.0,2430.0,91.7
2024-07-19,Friday,peak_season,76,sunny,3.0,30,45,86,1.0,20,65,125,1.0,2650,5080.0,2430.0,91.7
2024-07-20,Saturday,peak_season,76,sunny,3.0,30,45,86,1.0,20,65,125,1.0,2650,5080.0,2430.0,91.7
2024-07-21,Sunday,peak_season,75,sunny,3.0,30,45,86,1.0,20,65,125,1.0,2650,5080.0,2430.0,91.7
2024-07-22,Monday,peak_season,71,sunny,2.93,30,45,86,1.0,20,65,125,1.0,2650,5080.0,2430.0,91.7
2024-07-23,Tuesday,peak_season,85,sunny,3.0,30,45,86,1.0,20,65,125,1.0,2650,5080.0,2430.0,91.7
2024-07-24,Wednesday,peak_season,81,partly_cloudy,3.0,30,45,86,1.0,20,65,125,1.0,2650,5080.0,2430.0,91.7
2024-07-25,Thursday,peak_season,83,partly_cloudy,2.58,30,45,86,1.0,20,65,125,1.0,2650,5080.0,2430.0,91.7
2024-07-26,Friday,peak_season,71,sunny,3.0,30,45,86,1.0,20,65,125,1.0,2650,5080.0,2430.0,91.7
2024-07-27,Saturday,peak_season,65,cloudy,2.93,30,45,86,1.0,20,65,125,1.0,2650,5080.0,2430.0,91.7
2024-07-28,Sunday,peak_season,82,sunny,3.0,30,45,86,1.0,20,65,125,1.0,2650,5080.0,2430.0,91.7
2024-07-29,Monday,peak_season,64,sunny,3.0,30,45,86,1.0,19,65,125,0.95,2585,4955.0,2370.0,91.7
2024-07-30,Tuesday,peak_season,74,sunny,3.0,30,45,86,1.0,20,65,125,1.0,2650,5080.0,2430.0,91.7
2024-07-31,Wednesday,peak_season,85,sunny,2.96,30,45,86,1.0,20,65,125,1.0,2650,5080.0,2430.0,91.7
2024-08-01,Thursday,peak_season,85,sunny,3.0,30,45,86,1.0,20,65,125,1.0,2650,5080.0,2430.0,91.7
2024-08-02,Friday,peak_season,84,sunny,3.0,30,45,86,1.0,20,65,125,1.0,2650,5080.0,2430.0,91.7
2024-08-03,Saturday,peak_season,82,partly_cloudy,3.0,30,45,86,1.0,20,65,125,1.0,2650,5080.0,2430.0,91.7
2024-08-04,Sunday,peak_season,85,partly_cloudy,3.0,30,45,86,1.0,20,65,125,1.0,2650,5080.0,2430.0,91.7
2024-08-05,Monday,peak_season,68,sunny,3.0,30,45,86,1.0,20,65,125,1.0,2650,5080.0,2430.0,91.7
2024-08-06,Tuesday,peak_season,71,partly_cloudy,3.0,30,45,86,1.0,20,65,125,1.0,2650,5080.0,2430.0,91.7
2024-08-07,Wednesday,peak_season,85,cloudy,2.26,30,45,86,1.0,20,65,125,1.0,2650,5080.0,2430.0,91.7
2024-08-08,Thursday,peak_season,63,partly_cloudy,2.42,30,45,86,1.0,20,65,125,1.0,2650,5080.0,2430.0,91.7
2024-08-09,Friday,peak_season,85,partly_cloudy,3.0,30,45,86,1.0,20,65,125,1.0,2650,5080.0,2430.0,91.7
2024-08-10,Saturday,peak_season,60,cloudy,2.42,30,45,86,1.0,20,65,125,1.0,2650,5080.0,2430.0,91.7
2024-08-11,Sunday,peak_season,77,cloudy,3.0,30,45,86,1.0,20,65,125,1.0,2650,5080.0,2430.0,91.7
2024-08-12,Monday,peak_season,67,sunny,2.5,30,45,86,1.0,20,65,125,1.0,2650,5080.0,2430.0,91.7
2024-08-13,Tuesday,peak_season,79,sunny,3.0,30,45,86,1.0,20,65,125,1.0,2650,5080.0,2430.0,91.7
2024-08-14,Wednesday,peak_season,80,sunny,3.0,30,45,86,1.0,20,65,125,1.0,2650,5080.0,2430.0,91.7
2024-08-15,Thursday,peak_season,69,sunny,3.0,30,45,86,1.0,20,65,125,1.0,2650,5080.0,2430.0,91.7
2024-08-16,Friday,peak_season,85,sunny,3.0,30,45,86,1.0,20,65,125,1.0,2650,5080.0,2430.0,91.7
2024-08-17,Saturday,peak_season,66,partly_cloudy,3.0,30,45,86,1.0,20,65,125,1.0,2650,5080.0,2430.0,91.7
2024-08-18,Sunday,peak_season,59,sunny,3.0,30,45,86,1.0,20,65,125,1.0,2650,5080.0,2430.0,91.7
2024-08-19,Monday,peak_season,69,sunny,3.0,30,45,86,1.0,20,65,125,1.0,2650,5080.0,2430.0,91.7
2024-08-20,Tuesday,peak_season,63,rainy,0.79,18,45,36,0.6,9,65,52,0.45,1395,1116.0,-279.0,-20.0
2024-08-21,Wednesday,peak_season,77,partly_cloudy,2.85,30,45,86,1.0,20,65,125,1.0,2650,5080.0,2430.0,91.7
2024-08-22,Thursday,peak_season,62,sunny,3.0,30,45,86,1.0,20,65,125,1.0,2650,5080.0,2430.0,91.7
2024-08-23,Friday,peak_season,69,sunny,3.0,30,45,86,1.0,19,65,125,0.95,2585,4955.0,2370.0,91.7
2024-08-24,Saturday,peak_season,59,partly_cloudy,3.0,30,45,86,1.0,20,65,125,1.0,2650,5080.0,2430.0,91.7
2024-08-25,Sunday,peak_season,85,sunny,3.0,30,45,86,1.0,20,65,125,1.0,2650,5080.0,2430.0,91.7
2024-08-26,Monday,peak_season,60,partly_cloudy,2.44,30,45,86,1.0,20,65,125,1.0,2650,5080.0,2430.0,91.7
2024-08-27,Tuesday,peak_season,70,sunny,3.0,30,45,86,1.0,20,65,125,1.0,2650,5080.0,2430.0,91.7
2024-08-28,Wednesday,peak_season,85,sunny,3.0,30,45,86,1.0,20,65,125,1.0,2650,5080.0,2430.0,91.7
2024-08-29,Thursday,peak_season,73,sunny,3.0,30,45,86,1.0,20,65,125,1.0,2650,5080.0,2430.0,91.7
2024-08-30,Friday,peak_season,61,sunny,3.0,30,45,86,1.0,20,65,125,1.0,2650,5080.0,2430.0,91.7
2024-08-31,Saturday,peak_season,72,sunny,3.0,30,45,86,1.0,20,65,125,1.0,2650,5080.0,2430.0,91.7
2024-09-01,Sunday,peak_season,72,cloudy,3.0,30,45,86,1.0,20,65,125,1.0,2650,5080.0,2430.0,91.7
2024-09-02,Monday,peak_season,53,sunny,2.0,30,45,86,1.0,17,65,104,0.85,2455,4348.0,1893.0,77.1
2024-09-03,Tuesday,peak_season,55,cloudy,1.95,30,45,86,1.0,20,65,125,1.0,2650,5080.0,2430.0,91.7
2024-09-04,Wednesday,peak_season,52,cloudy,1.81,30,45,86,1.0,20,65,125,1.0,2650,5080.0,2430.0,91.7
2024-09-05,Thursday,peak_season,60,partly_cloudy,2.57,30,45,86,1.0,20,65,125,1.0,2650,5080.0,2430.0,91.7
2024-09-06,Friday,peak_season,67,sunny,3.0,30,45,86,1.0,20,65,125,1.0,2650,5080.0,2430.0,91.7
2024-09-07,Saturday,peak_season,77,sunny,3.0,30,45,86,1.0,20,65,125,1.0,2650,5080.0,2430.0,91.7
2024-09-08,Sunday,peak_season,72,partly_cloudy,3.0,30,45,86,1.0,20,65,125,1.0,2650,5080.0,2430.0,91.7
2024-09-09,Monday,peak_season,66,sunny,3.0,30,45,86,1.0,20,65,125,1.0,2650,5080.0,2430.0,91.7
2024-09-10,Tuesday,peak_season,75,sunny,3.0,30,45,86,1.0,20,65,125,1.0,2650,5080.0,2430.0,91.7
2024-09-11,Wednesday,peak_season,50,sunny,2.34,30,45,86,1.0,20,65,125,1.0,2650,5080.0,2430.0,91.7
2024-09-12,Thursday,peak_season,64,cloudy,2.01,30,45,86,1.0,20,65,125,1.0,2650,5080.0,2430.0,91.7
2024-09-13,Friday,peak_season,69,partly_cloudy,2.53,30,45,86,1.0,20,65,125,1.0,2650,5080.0,2430.0,91.7
2024-09-14,Saturday,peak_season,62,rainy,1.31,30,45,70,1.0,20,65,101,1.0,2650,4120.0,1470.0,55.5
2024-09-15,Sunday,peak_season,66,sunny,3.0,30,45,86,1.0,20,65,125,1.0,2650,5080.0,2430.0,91.7
2024-09-16,Monday,peak_season,68,sunny,3.0,30,45,86,1.0,20,65,125,1.0,2650,5080.0,2430.0,91.7
2024-09-17,Tuesday,peak_season,70,sunny,3.0,30,45,86,1.0,20,65,125,1.0,2650,5080.0,2430.0,91.7
2024-09-18,Wednesday,peak_season,66,sunny,3.0,30,45,86,1.0,20,65,125,1.0,2650,5080.0,2430.0,91.7
2024-09-19,Thursday,peak_season,74,sunny,3.0,30,45,86,1.0,20,65,125,1.0,2650,5080.0,2430.0,91.7
2024-09-20,Friday,peak_season,74,cloudy,2.79,30,45,86,1.0,20,65,125,1.0,2650,5080.0,2430.0,91.7
2024-09-21,Saturday,peak_season,79,partly_cloudy,3.0,30,45,86,1.0,20,65,125,1.0,2650,5080.0,2430.0,91.7
2024-09-22,Sunday,peak_season,66,sunny,3.0,30,45,86,1.0,20,65,125,1.0,2650,5080.0,2430.0,91.7
2024-09-23,Monday,peak_season,60,rainy,0.81,22,45,45,0.73,12,65,65,0.6,1770,1770.0,0.0,0.0
2024-09-24,Tuesday,peak_season,80,cloudy,2.66,30,45,86,1.0,20,65,125,1.0,2650,5080.0,2430.0,91.7
2024-09-25,Wednesday,peak_season,77,sunny,3.0,30,45,86,1.0,20,65,125,1.0,2650,5080.0,2430.0,91.7
2024-09-26,Thursday,peak_season,80,sunny,3.0,30,45,86,1.0,20,65,125,1.0,2650,5080.0,2430.0,91.7
2024-09-27,Friday,peak_season,59,partly_cloudy,2.55,30,45,86,1.0,20,65,125,1.0,2650,5080.0,2430.0,91.7
2024-09-28,Saturday,peak_season,70,sunny,3.0,30,45,86,1.0,20,65,125,1.0,2650,5080.0,2430.0,91.7
2024-09-29,Sunday,peak_season,54,sunny,3.0,30,45,86,1.0,20,65,125,1.0,2650,5080.0,2430.0,91.7
2024-09-30,Monday,peak_season,78,partly_cloudy,3.0,30,45,86,1.0,20,65,125,1.0,2650,5080.0,2430.0,91.7
2024-10-01,Tuesday,shoulder_season,58,sunny,1.44,30,45,70,1.0,20,65,101,1.0,2650,4120.0,1470.0,55.5
2024-10-02,Wednesday,shoulder_season,42,cloudy,0.75,14,45,36,0.47,11,65,52,0.55,1345,1076.0,-269.0,-20.0
2024-10-03,Thursday,shoulder_season,58,sunny,1.19,22,45,45,0.73,7,65,65,0.35,1445,1445.0,0.0,0.0
2024-10-04,Friday,shoulder_season,58,partly_cloudy,1.38,30,45,70,1.0,20,65,101,1.0,2650,4120.0,1470.0,55.5
2024-10-05,Saturday,shoulder_season,55,cloudy,1.28,27,45,45,0.9,12,65,65,0.6,1995,1995.0,0.0,0.0
2024-10-06,Sunday,shoulder_season,60,rainy,0.56,17,45,36,0.57,8,65,52,0.4,1285,1028.0,-257.0,-20.0
2024-10-07,Monday,shoulder_season,65,cloudy,0.87,29,45,54,0.97,11,65,65,0.55,2020,2281.0,261.0,12.9
2024-10-08,Tuesday,shoulder_season,54,sunny,0.9,26,45,45,0.87,11,65,65,0.55,1885,1885.0,0.0,0.0
2024-10-09,Wednesday,shoulder_season,54,partly_cloudy,0.87,28,45,54,0.93,10,65,65,0.5,1910,2162.0,252.0,13.2
2024-10-10,Thursday,shoulder_season,50,partly_cloudy,0.83,21,45,45,0.7,8,65,65,0.4,1465,1465.0,0.0,0.0
2024-10-11,Friday,shoulder_season,62,sunny,1.79,30,45,70,1.0,20,65,101,1.0,2650,4120.0,1470.0,55.5
2024-10-12,Saturday,shoulder_season,51,rainy,0.4,6,45,24,0.2,8,65,39,0.4,790,456.0,-334.0,-42.3
2024-10-13,Sunday,shoulder_season,51,partly_cloudy,1.09,30,45,54,1.0,18,65,65,0.9,2520,2790.0,270.0,10.7
2024-10-14,Monday,shoulder_season,47,partly_cloudy,0.82,26,45,45,0.87,5,65,58,0.25,1495,1460.0,-35.0,-2.3
2024-10-15,Tuesday,shoulder_season,47,sunny,0.9,20,45,45,0.67,13,65,65,0.65,1745,1745.0,0.0,0.0
2024-10-16,Wednesday,shoulder_season,70,sunny,1.61,30,45,70,1.0,20,65,101,1.0,2650,4120.0,1470.0,55.5
2024-10-17,Thursday,shoulder_season,47,rainy,0.36,9,45,27,0.3,5,65,35,0.25,730,418.0,-312.0,-42.7
2024-10-18,Friday,shoulder_season,66,sunny,1.6,30,45,70,1.0,20,65,101,1.0,2650,4120.0,1470.0,55.5
2024-10-19,Saturday,shoulder_season,50,sunny,1.31,30,45,70,1.0,16,65,84,0.8,2390,3444.0,1054.0,44.1
2024-10-20,Sunday,shoulder_season,56,partly_cloudy,1.72,30,45,70,1.0,20,65,101,1.0,2650,4120.0,1470.0,55.5
2024-10-21,Monday,shoulder_season,55,sunny,1.47,30,45,70,1.0,20,65,101,1.0,2650,4120.0,1470.0,55.5
2024-10-22,Tuesday,shoulder_season,56,partly_cloudy,1.01,23,45,45,0.77,13,65,65,0.65,1880,1880.0,0.0,0.0
2024-10-23,Wednesday,shoulder_season,58,sunny,1.12,30,45,54,1.0,13,65,65,0.65,2195,2465.0,270.0,12.3
2024-10-24,Thursday,shoulder_season,55,partly_cloudy,1.21,30,45,54,1.0,17,65,65,0.85,2455,2725.0,270.0,11.0
2024-10-25,Friday,shoulder_season,61,partly_cloudy,1.33,30,45,70,1.0,17,65,84,0.85,2455,3528.0,1073.0,43.7
2024-10-26,Saturday,shoulder_season,67,sunny,1.62,30,45,70,1.0,20,65,101,1.0,2650,4120.0,1470.0,55.5
2024-10-27,Sunday,shoulder_season,48,cloudy,1.09,30,45,54,1.0,14,65,65,0.7,2260,2530.0,270.0,11.9
2024-10-28,Monday,shoulder_season,51,sunny,0.9,30,45,54,1.0,9,65,65,0.45,1935,2205.0,270.0,14.0
2024-10-29,Tuesday,shoulder_season,57,sunny,1.32,30,45,70,1.0,16,65,84,0.8,2390,3444.0,1054.0,44.1
2024-10-30,Wednesday,shoulder_season,42,cloudy,0.71,22,45,36,0.73,6,65,52,0.3,1380,1104.0,-276.0,-20.0
2024-10-31,Thursday,shoulder_season,57,sunny,1.49,30,45,70,1.0,20,65,101,1.0,2650,4120.0,1470.0,55.5
2024-11-01,Friday,shoulder_season,46,partly_cloudy,0.94,30,45,54,1.0,9,65,65,0.45,1935,2205.0,270.0,14.0
2024-11-02,Saturday,shoulder_season,28,cloudy,0.82,24,45,45,0.8,13,65,65,0.65,1925,1925.0,0.0,0.0
2024-11-03,Sunday,shoulder_season,35,overcast,0.56,20,45,36,0.67,6,65,52,0.3,1290,1032.0,-258.0,-20.0
2024-11-04,Monday,shoulder_season,29,cloudy,0.54,21,45,36,0.7,10,65,52,0.5,1595,1276.0,-319.0,-20.0
2024-11-05,Tuesday,shoulder_season,41,cloudy,0.62,22,45,36,0.73,10,65,52,0.5,1640,1312.0,-328.0,-20.0
2024-11-06,Wednesday,shoulder_season,47,sunny,1.03,30,45,54,1.0,11,65,65,0.55,2065,2335.0,270.0,13.1
2024-11-07,Thursday,shoulder_season,39,cloudy,0.6,15,45,36,0.5,10,65,52,0.5,1325,1060.0,-265.0,-20.0
2024-11-08,Friday,shoulder_season,29,cloudy,0.67,20,45,36,0.67,14,65,52,0.7,1810,1448.0,-362.0,-20.0
2024-11-09,Saturday,shoulder_season,30,cloudy,0.78,24,45,36,0.8,9,65,52,0.45,1665,1332.0,-333.0,-20.0
2024-11-10,Sunday,shoulder_season,51,sunny,1.38,30,45,70,1.0,20,65,101,1.0,2650,4120.0,1470.0,55.5
2024-11-11,Monday,shoulder_season,51,partly_cloudy,0.88,29,45,54,0.97,10,65,65,0.5,1955,2216.0,261.0,13.4
2024-11-12,Tuesday,shoulder_season,43,cloudy,0.79,17,45,36,0.57,7,65,52,0.35,1220,976.0,-244.0,-20.0
2024-11-13,Wednesday,shoulder_season,36,cloudy,0.48,17,45,27,0.57,8,65,39,0.4,1285,771.0,-514.0,-40.0
2024-11-14,Thursday,shoulder_season,38,overcast,0.46,13,45,27,0.43,9,65,39,0.45,1170,702.0,-468.0,-40.0
2024-11-15,Friday,shoulder_season,48,cloudy,0.9,25,45,45,0.83,14,65,65,0.7,2035,2035.0,0.0,0.0
2024-11-16,Saturday,shoulder_season,44,overcast,0.89,23,45,45,0.77,20,65,78,1.0,2335,2595.0,260.0,11.1
2024-11-17,Sunday,shoulder_season,50,rainy,0.46,17,45,27,0.57,1,65,35,0.05,830,494.0,-336.0,-40.5
2024-11-18,Monday,shoulder_season,32,snowy,0.12,4,45,24,0.13,3,65,35,0.15,375,201.0,-174.0,-46.4
2024-11-19,Tuesday,shoulder_season,30,overcast,0.45,13,45,27,0.43,6,65,39,0.3,975,585.0,-390.0,-40.0
2024-11-20,Wednesday,shoulder_season,49,cloudy,0.64,23,45,36,0.77,13,65,52,0.65,1880,1504.0,-376.0,-20.0
2024-11-21,Thursday,shoulder_season,46,sunny,1.06,26,45,45,0.87,11,65,65,0.55,1885,1885.0,0.0,0.0
2024-11-22,Friday,shoulder_season,47,sunny,1.07,30,45,54,1.0,18,65,65,0.9,2520,2790.0,270.0,10.7
2024-11-23,Saturday,shoulder_season,35,overcast,0.57,11,45,36,0.37,9,65,52,0.45,1080,864.0,-216.0,-20.0
2024-11-24,Sunday,shoulder_season,31,overcast,0.64,15,45,36,0.5,7,65,52,0.35,1130,904.0,-226.0,-20.0
2024-11-25,Monday,shoulder_season,54,partly_cloudy,0.97,30,45,54,1.0,18,65,65,0.9,2520,2790.0,270.0,10.7
2024-11-26,Tuesday,shoulder_season,48,sunny,0.93,30,45,54,1.0,10,65,65,0.5,2000,2270.0,270.0,13.5
2024-11-27,Wednesday,shoulder_season,31,overcast,0.48,12,45,27,0.4,0,65,35,0.0,540,324.0,-216.0,-40.0
2024-11-28,Thursday,shoulder_season,40,overcast,0.53,13,45,36,0.43,4,65,47,0.2,845,656.0,-189.0,-22.4
2024-11-29,Friday,shoulder_season,30,overcast,0.51,14,45,36,0.47,6,65,52,0.3,1020,816.0,-204.0,-20.0
2024-11-30,Saturday,shoulder_season,42,cloudy,1.09,29,45,54,0.97,13,65,65,0.65,2150,2411.0,261.0,12.1
2024-12-01,Sunday,off_season,36,sunny,0.36,14,45,27,0.47,2,65,35,0.1,760,448.0,-312.0,-41.1
2024-12-02,Monday,off_season,21,sunny,0.21,6,45,24,0.2,3,65,35,0.15,465,249.0,-216.0,-46.5
2024-12-03,Tuesday,off_season,20,snowy,0.1,6,45,24,0.2,1,65,35,0.05,335,179.0,-156.0,-46.6
2024-12-04,Wednesday,off_season,43,overcast,0.16,5,45,24,0.17,3,65,35,0.15,420,225.0,-195.0,-46.4
2024-12-05,Thursday,off_season,22,sunny,0.25,6,45,24,0.2,4,65,35,0.2,530,284.0,-246.0,-46.4
2024-12-06,Friday,off_season,28,cloudy,0.19,5,45,24,0.17,4,65,35,0.2,485,260.0,-225.0,-46.4
2024-12-07,Saturday,off_season,42,overcast,0.25,8,45,24,0.27,3,65,35,0.15,555,297.0,-258.0,-46.5
2024-12-08,Sunday,off_season,22,snowy,0.1,3,45,24,0.1,0,65,35,0.0,135,72.0,-63.0,-46.7
2024-12-09,Monday,off_season,25,overcast,0.12,4,45,24,0.13,2,65,35,0.1,310,166.0,-144.0,-46.5
2024-12-10,Tuesday,off_season,24,overcast,0.14,3,45,24,0.1,3,65,35,0.15,330,177.0,-153.0,-46.4
2024-12-11,Wednesday,off_season,22,snowy,0.1,2,45,24,0.07,1,65,35,0.05,155,83.0,-72.0,-46.5
2024-12-12,Thursday,off_season,15,cloudy,0.16,2,45,24,0.07,1,65,35,0.05,155,83.0,-72.0,-46.5
2024-12-13,Friday,off_season,21,sunny,0.26,3,45,24,0.1,4,65,35,0.2,395,212.0,-183.0,-46.3
2024-12-14,Saturday,off_season,39,cloudy,0.26,9,45,27,0.3,6,65,39,0.3,795,477.0,-318.0,-40.0
2024-12-15,Sunday,off_season,35,snowy,0.1,2,45,24,0.07,3,65,35,0.15,285,153.0,-132.0,-46.3
2024-12-16,Monday,off_season,36,cloudy,0.15,8,45,24,0.27,3,65,35,0.15,555,297.0,-258.0,-46.5
2024-12-17,Tuesday,off_season,34,overcast,0.12,6,45,24,0.2,2,65,35,0.1,400,214.0,-186.0,-46.5
2024-12-18,Wednesday,off_season,20,snowy,0.1,3,45,24,0.1,2,65,35,0.1,265,142.0,-123.0,-46.4
2024-12-19,Thursday,off_season,35,cloudy,0.17,8,45,24,0.27,3,65,35,0.15,555,297.0,-258.0,-46.5
2024-12-20,Friday,off_season,17,snowy,0.1,2,45,24,0.07,0,65,35,0.0,90,48.0,-42.0,-46.7
2024-12-21,Saturday,off_season,42,snowy,0.11,0,45,24,0.0,2,65,35,0.1,130,70.0,-60.0,-46.2
2024-12-22,Sunday,off_season,41,overcast,0.23,11,45,27,0.37,2,65,35,0.1,625,367.0,-258.0,-41.3
2024-12-23,Monday,off_season,19,sunny,0.22,9,45,27,0.3,2,65,35,0.1,535,313.0,-222.0,-41.5
2024-12-24,Tuesday,off_season,22,sunny,0.26,6,45,24,0.2,8,65,39,0.4,790,456.0,-334.0,-42.3
2024-12-25,Wednesday,off_season,15,sunny,0.22,3,45,24,0.1,3,65,35,0.15,330,177.0,-153.0,-46.4
2024-12-26,Thursday,off_season,36,sunny,0.26,13,45,27,0.43,3,65,35,0.15,780,456.0,-324.0,-41.5
2024-12-27,Friday,off_season,42,overcast,0.2,5,45,24,0.17,4,65,35,0.2,485,260.0,-225.0,-46.4
2024-12-28,Saturday,off_season,39,snowy,0.1,1,45,24,0.03,1,65,35,0.05,110,59.0,-51.0,-46.4
2024-12-29,Sunday,off_season,39,cloudy,0.23,5,45,24,0.17,4,65,35,0.2,485,260.0,-225.0,-46.4
2024-12-30,Monday,off_season,42,sunny,0.35,10,45,27,0.33,3,65,35,0.15,645,375.0,-270.0,-41.9
2024-12-31,Tuesday,off_season,22,overcast,0.11,2,45,24,0.07,1,65,35,0.05,155,83.0,-72.0,-46.5
